,Country,White Shark (Y/N),Fatal (Y/N)
0,USA,White Shark,N
3,AUSTRALIA,Other,N
4,MEXICO,Other,N
6,BRAZIL,Other,Y
7,USA,Other,N
8,USA,Other,N
10,AUSTRALIA,Other,N
13,ENGLAND,Other,N
14,AUSTRALIA,Other,N
16,AUSTRALIA,Other,N
18,COSTA RICA,Other,N
20,AUSTRALIA,Other,N
21,AUSTRALIA,Other,N
22,AUSTRALIA,White Shark,N
23,MALDIVES,Other,N
24,SOUTH AFRICA,White Shark,N
25,USA,Other,N
26,THAILAND,Other,N
30,BAHAMAS,Other,N
31,BRAZIL,Other,N
32,NEW CALEDONIA,Other,N
33,BAHAMAS,Other,N
34,SOUTH AFRICA,White Shark,N
35,USA,Other,N
36,AUSTRALIA,Other,N
37,AUSTRALIA,Other,N
38,AUSTRALIA,Other,N
39,SOUTH AFRICA,Other,N
40,AUSTRALIA,White Shark,N
42,AUSTRALIA,Other,N
43,AUSTRALIA,Other,N
44,BRAZIL,Other,N
45,ECUADOR,Other,N
46,AUSTRALIA,Other,N
47,AUSTRALIA,Other,N
48,NEW CALEDONIA,Other,N
49,AUSTRALIA,Other,N
50,AUSTRALIA,White Shark,N
51,BRAZIL,Other,N
52,AUSTRALIA,Other,N
53,USA,Other,N
55,MALAYSIA,Other,N
56,BAHAMAS,Other,N
57,COSTA RICA,Other,N
58,COSTA RICA,Other,Y
59,LIBYA,Other,Y
60,USA,White Shark,N
63,AUSTRALIA,Other,N
64,CUBA,Other,Y
65,AUSTRALIA,Other,N
66,AUSTRALIA,Other,N
71,AUSTRALIA,White Shark,N
72,NEW ZEALAND,Other,N
73,USA,Other,N
74,USA,Other,N
75,USA,Other,N
77,USA,Other,N
78,AUSTRALIA,White Shark,N
80,USA,Other,N
82,SPAIN,Other,N
86,AUSTRALIA,White Shark,N
87,USA,Other,N
89,AUSTRALIA,White Shark,N
93,USA,Other,N
96,AUSTRALIA,White Shark,N
100,USA,White Shark,N
101,BAHAMAS,Other,N
102,USA,Other,N
103,EGYPT,White Shark,N
104,USA,Other,N
105,USA,White Shark,N
112,USA,Other,N
113,SPAIN,Other,N
114,USA,Other,N
116,USA,White Shark,N
117,USA,White Shark,N
118,USA,White Shark,N
120,USA,White Shark,N
121,USA,Other,N
122,MEXICO,Other,N
123,SOUTH AFRICA,White Shark,N
128,USA,Other,N
129,REUNION,Other,N
133,AUSTRALIA,White Shark,N
134,AUSTRALIA,Other,N
136,UNITED KINGDOM,Other,N
137,USA,Other,N
138,BAHAMAS,Other,N
139,USA,Other,N
140,USA,Other,N
143,AUSTRALIA,Other,N
155,AUSTRALIA,White Shark,Y
156,USA,Other,N
166,USA,Other,N
169,USA,White Shark,N
170,PHILIPPINES,Other,N
171,BAHAMAS,Other,N
172,AUSTRALIA,Other,N
177,BRAZIL,Other,N
178,SOUTH AFRICA,Other,N
179,USA,White Shark,N
180,BAHAMAS,Other,N
183,AUSTRALIA,Other,N
186,INDONESIA,Other,N
191,AUSTRALIA,Other,N
192,SOUTH AFRICA,White Shark,N
196,AUSTRALIA,Other,N
197,AUSTRALIA,White Shark,N
198,AUSTRALIA,Other,N
199,USA,Other,N
203,USA,Other,N
211,AUSTRALIA,White Shark,N
217,AUSTRALIA,Other,N
219,USA,Other,N
220,USA,Other,N
225,USA,White Shark,N
227,USA,Other,N
229,REUNION,Other,N
232,USA,Other,N
233,USA,Other,N
234,SPAIN,Other,N
236,AUSTRALIA,White Shark,N
237,USA,Other,N
241,BAHAMAS,Other,N
242,AUSTRALIA,Other,N
243,USA,Other,N
246,USA,White Shark,N
248,BAHAMAS,Other,N
249,SPAIN,Other,N
250,USA,White Shark,N
251,USA,Other,N
252,USA,White Shark,N
254,AUSTRALIA,Other,N
255,USA,Other,N
257,COLUMBIA,Other,N
258,SOUTH AFRICA,White Shark,N
259,USA,Other,N
261,USA,Other,N
262,AUSTRALIA,Other,N
263,USA,Other,N
264,USA,Other,N
267,AUSTRALIA,Other,Y
268,EGYPT,Other,N
270,NEW CALEDONIA,Other,N
271,AUSTRALIA,White Shark,Y
273,USA,Other,N
275,USA,Other,N
277,USA,Other,N
278,USA,Other,N
280,NEW ZEALAND,Other,N
281,INDONESIA,Other,N
283,SOUTH AFRICA,White Shark,N
284,AUSTRALIA,Other,N
285,FRENCH POLYNESIA,Other,N
286,FRENCH POLYNESIA,Other,N
287,USA,Other,N
288,NEW CALEDONIA,Other,Y
290,USA,Other,N
296,BAHAMAS,Other,N
301,AUSTRALIA,Other,N
302,BRAZIL,Other,N
310,BRAZIL,Other,N
312,USA,Other,N
314,USA,Other,N
315,UNITED ARAB EMIRATES,Other,N
316,USA,Other,N
317,AUSTRALIA,Other,N
318,AUSTRALIA,Other,N
319,AUSTRALIA,Other,N
320,SOUTH AFRICA,White Shark,N
321,SPAIN,Other,N
322,USA,Other,N
323,AUSTRALIA,Other,N
324,BRAZIL,Other,N
326,AUSTRALIA,White Shark,N
327,BAHAMAS,Other,N
329,ECUADOR,Other,N
332,USA,Other,N
333,AUSTRALIA,Other,N
336,USA,Other,N
340,SOUTH AFRICA,White Shark,N
341,USA,Other,N
342,USA,Other,N
345,USA,Other,N
346,USA,Other,N
348,USA,Other,N
352,USA,Other,N
353,USA,Other,N
354,USA,Other,N
356,USA,White Shark,N
357,USA,Other,N
358,USA,Other,N
359,USA,Other,N
361,USA,Other,N
364,AUSTRALIA,Other,N
365,USA,White Shark,N
366,USA,Other,N
367,AUSTRALIA,White Shark,N
368,USA,Other,N
369,THAILAND,Other,N
370,FIJI,Other,N
371,USA,White Shark,N
372,USA,White Shark,N
375,USA,Other,N
376,USA,Other,N
377,USA,White Shark,N
379,USA,Other,N
380,AUSTRALIA,White Shark,N
383,USA,Other,N
385,AUSTRALIA,White Shark,Y
386,USA,Other,N
387,AUSTRALIA,Other,N
388,REUNION,Other,N
389,SOUTH AFRICA,White Shark,N
390,USA,White Shark,N
393,BAHAMAS,Other,N
395,AUSTRALIA,White Shark,N
396,AUSTRALIA,White Shark,N
397,USA,Other,N
399,USA,Other,N
400,USA,Other,N
401,SOUTH AFRICA,White Shark,N
403,SOUTH AFRICA,White Shark,N
404,USA,Other,N
405,AUSTRALIA,Other,N
407,USA,Other,N
408,AUSTRALIA,White Shark,N
409,USA,Other,N
412,USA,Other,N
413,USA,Other,N
414,USA,Other,N
415,USA,Other,N
416,USA,Other,N
417,USA,Other,N
418,REUNION,Other,N
421,FRENCH POLYNESIA,Other,N
423,USA,Other,N
424,USA,Other,N
425,NEW CALEDONIA,Other,Y
427,AUSTRALIA,White Shark,N
428,SOUTH AFRICA,White Shark,N
430,USA,Other,N
431,AUSTRALIA,White Shark,N
432,AUSTRALIA,White Shark,N
433,USA,Other,N
434,REUNION,Other,Y
436,USA,Other,N
439,SOUTH AFRICA,White Shark,N
440,EGYPT,Other,Y
441,USA,Other,N
442,FRENCH POLYNESIA,Other,N
445,FRENCH POLYNESIA,Other,N
446,ATLANTIC OCEAN,White Shark,N
447,REUNION,Other,Y
448,AUSTRALIA,Other,Y
449,AUSTRALIA,Other,N
450,AUSTRALIA,Other,N
451,AUSTRALIA,Other,N
452,USA,Other,N
455,USA,White Shark,N
457,AUSTRALIA,Other,N
458,AUSTRALIA,Other,N
460,BAHAMAS,White Shark,N
461,SOUTH AFRICA,Other,N
462,USA,Other,N
463,AUSTRALIA,Other,N
464,AUSTRALIA,White Shark,Y
465,GREECE,Other,N
467,USA,White Shark,N
468,AUSTRALIA,Other,N
469,JAPAN,Other,N
470,AUSTRALIA,Other,Y
474,AUSTRALIA,White Shark,N
475,USA,White Shark,N
476,USA,Other,N
477,USA,Other,N
480,USA,Other,N
482,USA,Other,N
485,USA,Other,N
486,AUSTRALIA,Other,N
487,USA,Other,N
490,USA,Other,N
492,USA,Other,N
493,USA,White Shark,N
494,USA,White Shark,N
495,USA,Other,N
496,AUSTRALIA,White Shark,N
498,FRENCH POLYNESIA,Other,N
500,AUSTRALIA,Other,Y
501,USA,Other,N
502,USA,White Shark,N
503,USA,Other,N
505,USA,Other,N
506,USA,Other,N
509,SPAIN,Other,N
510,USA,Other,N
512,USA,Other,N
513,USA,Other,N
514,AUSTRALIA,Other,N
515,USA,Other,N
517,BAHAMAS,Other,N
519,USA,Other,N
520,USA,Other,N
524,SOUTH AFRICA,White Shark,N
526,USA,Other,N
527,REUNION,Other,N
529,SPAIN,Other,N
530,USA,Other,N
531,USA,Other,N
535,USA,White Shark,N
537,USA,Other,N
538,ST. MARTIN,White Shark,N
539,BAHAMAS,Other,N
542,AUSTRALIA,Other,N
544,USA,Other,N
545,AUSTRALIA,Other,N
548,USA,Other,N
550,USA,Other,N
551,AUSTRALIA,Other,N
552,FRANCE,Other,N
553,AUSTRALIA,Other,N
555,AUSTRALIA,White Shark,N
557,USA,Other,N
559,USA,Other,N
560,SOUTH AFRICA,Other,N
561,USA,Other,N
562,AUSTRALIA,Other,N
565,SOUTH AFRICA,White Shark,N
566,SOUTH AFRICA,Other,N
569,AUSTRALIA,White Shark,Y
571,SOUTH AFRICA,Other,Y
572,USA,Other,N
577,AUSTRALIA,Other,N
579,USA,Other,N
580,FRENCH POLYNESIA,Other,N
584,NEW ZEALAND,Other,N
585,AUSTRALIA,Other,N
586,NEW ZEALAND,Other,N
588,USA,White Shark,N
589,NEW ZEALAND,White Shark,N
590,NEW CALEDONIA,Other,N
591,SOUTH AFRICA,White Shark,N
593,USA,Other,N
594,USA,Other,N
595,AUSTRALIA,Other,N
597,AUSTRALIA,Other,Y
599,AUSTRALIA,White Shark,Y
600,USA,White Shark,N
601,AUSTRALIA,White Shark,N
605,USA,Other,N
606,AUSTRALIA,Other,N
607,REUNION,Other,N
608,AUSTRALIA,White Shark,N
609,AUSTRALIA,Other,N
610,USA,White Shark,N
611,USA,Other,N
612,USA,Other,N
613,SOUTH AFRICA,White Shark,Y
614,AUSTRALIA,White Shark,N
615,USA,White Shark,N
616,USA,Other,N
622,USA,Other,N
623,USA,Other,N
625,USA,Other,N
626,USA,Other,N
628,USA,Other,N
630,USA,Other,N
631,BAHAMAS,Other,N
632,USA,Other,N
634,FRANCE,Other,N
638,USA,White Shark,N
639,USA,Other,Y
641,USA,Other,N
642,SOUTH AFRICA,Other,N
643,USA,Other,N
646,BAHAMAS,Other,N
648,USA,Other,N
649,BAHAMAS,Other,N
661,USA,White Shark,N
662,USA,Other,N
663,USA,Other,N
664,USA,Other,N
668,USA,Other,N
669,USA,Other,N
670,AUSTRALIA,Other,N
671,USA,Other,N
675,ECUADOR,Other,N
677,REUNION,Other,Y
678,USA,Other,N
679,AUSTRALIA,Other,N
680,MEXICO,Other,N
681,AUSTRALIA,Other,N
682,USA,Other,N
683,SOUTH AFRICA,Other,N
684,USA,Other,N
686,FRENCH POLYNESIA,Other,N
689,USA,Other,N
692,BELIZE,Other,N
694,SOUTH AFRICA,Other,N
696,JAMAICA,Other,Y
697,AUSTRALIA,Other,N
698,PHILIPPINES,Other,N
700,NEW ZEALAND,White Shark,Y
701,USA,Other,N
702,USA,Other,N
703,USA,Other,N
704,FRENCH POLYNESIA,Other,N
706,AUSTRALIA,White Shark,N
709,USA,Other,N
710,NEW ZEALAND,Other,N
713,AUSTRALIA,Other,N
714,AUSTRALIA,Other,N
715,SOUTH AFRICA,Other,Y
716,AUSTRALIA,Other,N
717,USA,Other,N
718,AUSTRALIA,Other,N
719,NEW ZEALAND,Other,N
720,USA,Other,N
722,MEXICO,Other,Y
723,USA,Other,N
724,USA,Other,N
725,USA,Other,N
726,USA,White Shark,N
727,USA,Other,N
728,USA,White Shark,Y
731,USA,Other,N
735,AUSTRALIA,Other,N
736,USA,Other,N
737,USA,Other,N
739,TONGA,Other,N
746,USA,Other,N
747,USA,Other,N
748,USA,Other,N
749,SCOTLAND,Other,N
753,AUSTRALIA,Other,N
754,USA,Other,N
755,REUNION,Other,N
756,FRENCH POLYNESIA,Other,N
758,AUSTRALIA,White Shark,N
760,USA,White Shark,N
765,AUSTRALIA,White Shark,Y
769,USA,Other,N
770,SOUTH AFRICA,Other,N
772,USA,Other,N
774,USA,Other,N
777,AUSTRALIA,Other,N
780,USA,Other,N
781,USA,Other,N
782,USA,Other,N
783,USA,Other,N
784,USA,Other,N
785,AUSTRALIA,Other,N
786,ITALY,Other,N
787,AUSTRALIA,White Shark,N
790,USA,Other,N
791,MEXICO,Other,N
792,USA,Other,N
793,USA,Other,N
795,USA,White Shark,N
797,USA,White Shark,N
798,USA,Other,N
799,SOUTH AFRICA,White Shark,Y
800,AUSTRALIA,White Shark,N
801,USA,Other,N
802,USA,Other,N
803,AUSTRALIA,White Shark,Y
805,AUSTRALIA,White Shark,N
806,AUSTRALIA,Other,N
807,USA,Other,N
808,USA,Other,N
809,USA,Other,N
811,AUSTRALIA,Other,N
813,USA,Other,N
816,USA,Other,N
817,AUSTRALIA,Other,N
818,SOUTH AFRICA,White Shark,N
820,USA,Other,N
821,AUSTRALIA,Other,N
822,BAHAMAS,Other,N
823,TAIWAN,Other,N
824,AUSTRALIA,White Shark,N
825,SOUTH AFRICA,Other,Y
826,USA,White Shark,N
827,AUSTRALIA,Other,N
828,AUSTRALIA,Other,N
833,USA,Other,N
835,AUSTRALIA,White Shark,N
837,AUSTRALIA,Other,N
842,AUSTRALIA,Other,N
843,USA,White Shark,N
847,USA,White Shark,N
848,SCOTLAND,Other,N
849,SOUTH AFRICA,Other,N
850,AUSTRALIA,White Shark,Y
851,USA,White Shark,N
852,AUSTRALIA,Other,N
853,USA,Other,N
854,USA,Other,N
856,REUNION,Other,N
861,SOUTH AFRICA,White Shark,N
862,USA,Other,N
867,USA,Other,N
869,PAPUA NEW GUINEA,Other,N
871,AUSTRALIA,White Shark,Y
872,USA,Other,N
873,USA,Other,N
879,SOUTH AFRICA,White Shark,Y
881,USA,Other,N
883,RUSSIA,Other,N
884,FRENCH POLYNESIA,Other,N
886,SEYCHELLES,Other,Y
887,USA,Other,N
893,SOUTH AFRICA,White Shark,N
904,SOUTH AFRICA,Other,N
905,USA,Other,N
906,USA,White Shark,N
908,TURKS & CAICOS,Other,N
911,UNITED KINGDOM,White Shark,N
912,USA,Other,N
914,USA,Other,N
915,USA,Other,N
916,MALAYSIA,Other,N
918,SOUTH AFRICA,White Shark,N
919,USA,Other,N
920,USA,Other,N
921,SOUTH AFRICA,Other,Y
923,NEW CALEDONIA,Other,Y
925,USA,Other,N
928,USA,Other,N
929,AUSTRALIA,Other,N
930,USA,Other,N
931,NEW ZEALAND,Other,N
932,INDONESIA,Other,N
934,USA,Other,N
935,MEXICO,Other,N
936,AUSTRALIA,Other,N
939,AUSTRALIA,Other,N
942,AUSTRALIA,Other,N
943,NEW CALEDONIA,Other,N
945,AUSTRALIA,White Shark,Y
946,AUSTRALIA,Other,N
950,MEXICO,Other,N
952,BAHAMAS,Other,N
956,AUSTRALIA,White Shark,N
957,USA,Other,N
960,EGYPT,White Shark,Y
962,EGYPT,Other,N
963,EGYPT,Other,N
964,EGYPT,White Shark,N
965,EGYPT,White Shark,N
971,AUSTRALIA,White Shark,N
972,AUSTRALIA,White Shark,N
976,USA,Other,N
978,USA,White Shark,Y
980,AUSTRALIA,Other,N
981,BAHAMAS,Other,N
982,BAHAMAS,Other,N
984,USA,White Shark,N
986,SOUTH AFRICA,White Shark,Y
987,AUSTRALIA,Other,N
988,USA,Other,N
996,AUSTRALIA,White Shark,Y
997,USA,White Shark,N
1002,MALTA,Other,N
1004,USA,White Shark,N
1005,USA,Other,N
1006,USA,Other,N
1008,USA,Other,N
1009,USA,Other,N
1010,USA,Other,N
1011,SPAIN,Other,N
1013,USA,Other,N
1015,USA,Other,N
1016,USA,Other,N
1017,USA,Other,N
1018,USA,Other,N
1021,VIETNAM,Other,N
1022,USA,Other,N
1025,USA,Other,N
1026,VIETNAM,Other,N
1027,VIETNAM,Other,N
1030,USA,Other,N
1031,USA,Other,N
1032,USA,Other,N
1033,SOUTH AFRICA,Other,N
1034,EGYPT,White Shark,N
1035,REUNION,Other,N
1036,NEW ZEALAND,Other,N
1037,SOUTH AFRICA,Other,N
1039,AUSTRALIA,Other,N
1040,AUSTRALIA,Other,N
1041,NEW ZEALAND,Other,N
1042,AUSTRALIA,White Shark,N
1043,USA,Other,N
1046,NEW ZEALAND,Other,N
1047,BRAZIL,Other,N
1051,SOUTH AFRICA,White Shark,Y
1052,AUSTRALIA,White Shark,N
1060,MOZAMBIQUE,Other,N
1062,AUSTRALIA,Other,N
1065,NEW ZEALAND,White Shark,Y
1067,AUSTRALIA,White Shark,N
1068,USA,Other,N
1070,USA,Other,N
1071,USA,Other,N
1074,USA,Other,N
1075,AUSTRALIA,Other,N
1077,AUSTRALIA,White Shark,N
1078,MOZAMBIQUE,Other,N
1081,USA,Other,N
1083,SCOTLAND,Other,N
1084,AUSTRALIA,Other,N
1086,UNITED KINGDOM,Other,N
1087,USA,Other,N
1091,USA,Other,Y
1095,USA,Other,N
1096,SOUTH AFRICA,White Shark,Y
1097,USA,White Shark,N
1098,SOUTH AFRICA,White Shark,N
1100,USA,Other,N
1101,USA,Other,N
1102,BAHAMAS,Other,N
1111,BAHAMAS,Other,N
1112,USA,Other,N
1115,USA,Other,N
1116,AUSTRALIA,Other,N
1119,VIETNAM,White Shark,N
1120,EGYPT,White Shark,N
1121,EGYPT,White Shark,N
1122,EGYPT,White Shark,Y
1123,TAIWAN,Other,N
1124,USA,Other,N
1125,USA,Other,N
1126,USA,Other,N
1127,USA,Other,N
1128,GUAM,Other,N
1129,BAHAMAS,Other,N
1135,USA,Other,N
1137,AUSTRALIA,Other,N
1139,USA,White Shark,N
1141,SOUTH AFRICA,Other,N
1143,AUSTRALIA,Other,N
1146,USA,Other,N
1147,MALAYSIA,Other,N
1148,USA,Other,N
1149,AUSTRALIA,Other,N
1151,SOUTH AFRICA,Other,N
1153,AUSTRALIA,Other,N
1156,AUSTRALIA,White Shark,N
1157,AUSTRALIA,Other,N
1159,AUSTRALIA,White Shark,N
1163,CUBA,Other,N
1166,SOUTH AFRICA,Other,Y
1168,AUSTRALIA,White Shark,N
1170,SOUTH AFRICA,White Shark,Y
1171,AUSTRALIA,Other,N
1172,AUSTRALIA,White Shark,N
1173,AUSTRALIA,White Shark,N
1174,NEW ZEALAND,Other,N
1176,NEW ZEALAND,Other,N
1177,CUBA,Other,N
1179,AUSTRALIA,Other,N
1181,AUSTRALIA,White Shark,N
1182,AUSTRALIA,White Shark,Y
1183,USA,White Shark,N
1184,NEW ZEALAND,Other,N
1185,SOUTH AFRICA,Other,N
1186,AUSTRALIA,White Shark,N
1187,MOZAMBIQUE,Other,Y
1188,EGYPT,White Shark,N
1191,AUSTRALIA,Other,N
1194,AUSTRALIA,Other,N
1195,NEW CALEDONIA,Other,N
1196,AUSTRALIA,Other,N
1199,CROATIA,White Shark,N
1201,USA,Other,N
1202,AUSTRALIA,Other,N
1203,USA,Other,N
1204,USA,Other,N
1205,USA,White Shark,N
1206,AUSTRALIA,Other,N
1209,USA,Other,N
1213,ENGLAND,Other,N
1215,USA,Other,N
1220,USA,Other,N
1222,USA,Other,N
1223,AUSTRALIA,White Shark,N
1224,SOUTH AFRICA,White Shark,N
1225,PANAMA,Other,N
1226,MEXICO,Other,N
1227,USA,Other,N
1230,USA,Other,N
1231,USA,Other,N
1233,USA,Other,N
1234,EGYPT,White Shark,N
1239,UNITED KINGDOM,Other,N
1241,BAHAMAS,Other,N
1242,SOUTH AFRICA,White Shark,N
1243,SOUTH AFRICA,White Shark,N
1245,USA,Other,N
1247,USA,White Shark,N
1251,SCOTLAND,Other,N
1252,USA,Other,N
1253,BRAZIL,Other,N
1255,BAHAMAS,Other,N
1256,MEXICO,Other,N
1257,MEXICO,Other,Y
1259,AUSTRALIA,White Shark,N
1260,NEW CALEDONIA,Other,N
1263,MEXICO,Other,Y
1264,USA,Other,N
1266,NEW CALEDONIA,Other,N
1268,USA,White Shark,Y
1270,AUSTRALIA,Other,N
1274,USA,Other,N
1276,USA,Other,N
1278,AUSTRALIA,Other,Y
1281,USA,Other,N
1282,USA,Other,N
1283,USA,Other,N
1285,USA,Other,N
1286,USA,White Shark,N
1287,BAHAMAS,Other,Y
1290,AUSTRALIA,Other,N
1291,USA,Other,N
1293,SOUTH AFRICA,Other,N
1294,AUSTRALIA,Other,N
1296,NEW ZEALAND,Other,N
1297,USA,Other,N
1298,USA,Other,N
1299,MEXICO,Other,N
1300,ECUADOR,Other,N
1302,AUSTRALIA,Other,N
1303,AUSTRALIA,Other,N
1305,USA,Other,N
1307,BRAZIL,Other,N
1308,AUSTRALIA,Other,N
1310,SOUTH AFRICA,Other,N
1311,USA,Other,N
1312,USA,Other,N
1313,SOUTH AFRICA,White Shark,N
1315,USA,Other,N
1316,AUSTRALIA,White Shark,N
1317,AUSTRALIA,Other,N
1318,USA,Other,N
1319,USA,Other,N
1322,NEW CALEDONIA,Other,Y
1323,BAHAMAS,Other,N
1324,USA,White Shark,N
1325,EGYPT,White Shark,N
1327,USA,Other,N
1328,USA,Other,N
1329,SOLOMON ISLANDS,Other,N
1331,USA,Other,N
1332,USA,Other,N
1336,USA,Other,N
1337,USA,Other,N
1338,USA,Other,N
1339,USA,White Shark,N
1340,USA,Other,N
1341,USA,Other,N
1342,USA,Other,N
1343,USA,Other,N
1345,USA,Other,N
1347,USA,Other,N
1348,USA,Other,N
1352,USA,Other,N
1355,USA,White Shark,N
1356,USA,White Shark,N
1357,USA,Other,N
1358,AUSTRALIA,Other,N
1359,USA,Other,N
1360,NORWAY,Other,N
1362,USA,Other,N
1363,BAHAMAS,Other,N
1365,REUNION,Other,N
1367,USA,Other,N
1369,USA,Other,N
1370,USA,Other,N
1372,USA,Other,N
1375,USA,Other,N
1376,ENGLAND,Other,N
1377,AUSTRALIA,Other,N
1378,AUSTRALIA,Other,N
1379,USA,Other,N
1380,SEYCHELLES,White Shark,N
1382,USA,Other,N
1383,USA,Other,N
1385,BAHAMAS,Other,N
1386,AUSTRALIA,Other,N
1387,USA,Other,N
1388,USA,Other,N
1389,USA,Other,N
1390,NEW CALEDONIA,Other,N
1392,USA,Other,N
1395,USA,Other,N
1396,AUSTRALIA,Other,N
1397,USA,Other,N
1398,AUSTRALIA,Other,N
1400,NEW ZEALAND,Other,N
1404,NEW CALEDONIA,Other,N
1405,USA,Other,N
1406,AUSTRALIA,White Shark,N
1408,SOUTH AFRICA,Other,Y
1409,AUSTRALIA,Other,N
1411,USA,Other,N
1412,AUSTRALIA,Other,N
1413,NEW ZEALAND,Other,N
1414,USA,White Shark,N
1415,SOUTH AFRICA,Other,N
1416,AUSTRALIA,White Shark,N
1418,USA,Other,N
1419,SOUTH AFRICA,Other,N
1420,USA,White Shark,N
1423,USA,Other,N
1424,USA,Other,N
1429,USA,Other,N
1431,USA,Other,N
1432,USA,Other,N
1435,USA,Other,N
1437,SOUTH AFRICA,White Shark,N
1439,AUSTRALIA,Other,N
1445,SOUTH AFRICA,Other,N
1446,SOUTH AFRICA,White Shark,N
1448,REUNION,Other,N
1449,USA,Other,N
1450,USA,White Shark,N
1451,USA,Other,N
1453,SOUTH AFRICA,White Shark,N
1454,USA,Other,N
1455,USA,Other,N
1457,USA,Other,N
1460,BRAZIL,Other,Y
1463,USA,Other,N
1465,USA,Other,N
1466,USA,Other,N
1470,USA,Other,N
1473,USA,Other,N
1474,USA,Other,N
1475,AUSTRALIA,White Shark,N
1476,USA,Other,N
1477,USA,Other,N
1479,USA,Other,N
1481,USA,Other,N
1484,AUSTRALIA,Other,N
1488,USA,Other,N
1489,AUSTRALIA,Other,N
1490,SOUTH AFRICA,Other,N
1491,BRAZIL,Other,N
1493,Sierra Leone,Other,Y
1494,USA,Other,N
1496,FIJI,Other,N
1497,AUSTRALIA,Other,N
1498,USA,Other,N
1502,AUSTRALIA,White Shark,N
1503,SOUTH AFRICA,Other,N
1504,TONGA,Other,Y
1505,USA,Other,N
1506,ATLANTIC OCEAN,Other,N
1510,AUSTRALIA,White Shark,N
1512,AUSTRALIA,Other,Y
1513,USA,Other,N
1514,SOUTH AFRICA,Other,N
1515,USA,White Shark,N
1516,USA,Other,N
1517,ATLANTIC OCEAN,Other,N
1518,AUSTRALIA,White Shark,N
1519,AUSTRALIA,White Shark,N
1521,USA,Other,N
1522,AUSTRALIA,White Shark,N
1523,AUSTRALIA,Other,N
1526,USA,Other,N
1528,NEW CALEDONIA,White Shark,N
1529,SOUTH AFRICA,Other,N
1530,USA,Other,N
1532,USA,White Shark,N
1533,USA,Other,N
1534,ST. MAARTIN,Other,N
1535,SOUTH AFRICA,Other,N
1536,USA,White Shark,N
1537,USA,White Shark,N
1539,USA,Other,N
1540,GRAND CAYMAN,Other,N
1543,SOUTH AFRICA,White Shark,N
1544,AUSTRALIA,Other,N
1545,AUSTRALIA,White Shark,N
1546,AUSTRALIA,Other,N
1548,USA,Other,N
1551,USA,Other,N
1552,AUSTRALIA,White Shark,N
1554,THAILAND,Other,Y
1555,AUSTRALIA,White Shark,Y
1556,USA,White Shark,N
1558,USA,Other,N
1561,USA,Other,N
1568,CHINA,Other,N
1570,USA,Other,N
1571,USA,Other,N
1573,USA,Other,N
1574,USA,Other,Y
1575,VANUATU,Other,Y
1578,USA,Other,N
1579,SOUTH KOREA,White Shark,N
1582,SOUTH AFRICA,White Shark,Y
1584,USA,Other,N
1585,USA,Other,N
1586,SOUTH AFRICA,Other,N
1587,AUSTRALIA,Other,N
1588,USA,Other,N
1589,MADAGASCAR,Other,N
1591,USA,Other,N
1592,AUSTRALIA,Other,N
1594,AUSTRALIA,Other,N
1595,AUSTRALIA,Other,N
1596,USA,Other,N
1599,USA,Other,N
1601,SOUTH AFRICA,Other,N
1604,AUSTRALIA,White Shark,Y
1605,USA,Other,N
1607,NEW ZEALAND,Other,N
1609,AUSTRALIA,Other,N
1610,USA,Other,N
1611,USA,Other,N
1612,USA,Other,N
1614,CUBA,Other,N
1615,AUSTRALIA,Other,N
1616,AUSTRALIA,Other,N
1617,NEW ZEALAND,White Shark,N
1619,AUSTRALIA,White Shark,Y
1620,AUSTRALIA,Other,Y
1621,SOUTH AFRICA,Other,N
1622,SOUTH AFRICA,Other,N
1623,SOUTH AFRICA,White Shark,Y
1624,USA,White Shark,N
1626,NEW CALEDONIA,Other,N
1627,CUBA,Other,N
1629,SOUTH AFRICA,White Shark,N
1630,AUSTRALIA,Other,N
1631,USA,White Shark,N
1632,USA,Other,N
1633,SOUTH AFRICA,Other,N
1634,REUNION,Other,N
1637,AUSTRALIA,Other,N
1638,USA,White Shark,N
1641,USA,Other,N
1643,BRAZIL,Other,N
1644,USA,White Shark,N
1645,USA,White Shark,Y
1646,USA,Other,N
1648,SOUTH AFRICA,White Shark,N
1650,RUSSIA,White Shark,N
1652,USA,Other,N
1653,USA,Other,N
1654,USA,Other,N
1655,AUSTRALIA,White Shark,N
1656,JAPAN,Other,N
1657,AUSTRALIA,Other,Y
1658,EGYPT,Other,N
1659,USA,Other,N
1660,USA,White Shark,N
1663,AUSTRALIA,Other,N
1664,USA,Other,N
1665,SOUTH AFRICA,White Shark,Y
1666,USA,Other,N
1667,BRAZIL,Other,N
1668,USA,Other,N
1673,BAHAMAS,Other,N
1674,USA,Other,N
1676,AUSTRALIA,Other,N
1677,NEW ZEALAND,White Shark,N
1678, TONGA,Other,Y
1679, TONGA,Other,Y
1680,USA,Other,Y
1681,SOUTH AFRICA,White Shark,N
1684,USA,Other,N
1685,BRAZIL,Other,N
1686,USA,Other,N
1687,REUNION,Other,N
1689,USA,Other,N
1690,NEW ZEALAND,Other,N
1691,USA,Other,N
1692,AUSTRALIA,Other,N
1694,NEW ZEALAND,Other,N
1698,AUSTRALIA,Other,N
1699,AUSTRALIA,White Shark,N
1700,URUGUAY,Other,N
1702,VENEZUELA,Other,N
1703,VENEZUELA,Other,N
1704,SOUTH AFRICA,Other,N
1705,AUSTRALIA,Other,N
1706,SOUTH AFRICA,Other,N
1710,SOUTH AFRICA,Other,N
1715,AUSTRALIA,Other,N
1716,AUSTRALIA,Other,N
1717,SOUTH AFRICA,Other,Y
1718,USA,Other,N
1719,INDIA,Other,N
1721,EGYPT,White Shark,N
1722,SOUTH AFRICA,White Shark,N
1724,PANAMA,Other,N
1725,USA,Other,N
1726,AUSTRALIA,Other,N
1727,USA,Other,N
1730,USA,Other,N
1731,USA,Other,Y
1736,USA,Other,N
1742,USA,Other,N
1743,SOUTH AFRICA,Other,N
1745,USA,Other,N
1746,USA,Other,N
1747,SOUTH AFRICA,White Shark,Y
1749,USA,Other,N
1750,USA,White Shark,Y
1752,SOUTH AFRICA,White Shark,N
1756,BAHAMAS,Other,N
1757,USA,Other,N
1758,USA,Other,N
1759,BAHAMAS,Other,N
1760,USA,Other,N
1762,NEW ZEALAND,Other,N
1763,USA,Other,N
1764,USA,Other,N
1766,USA,Other,N
1767,USA,Other,N
1768,USA,Other,N
1769,USA,Other,N
1773,USA,Other,N
1774,USA,Other,N
1775,USA,Other,N
1777,PHILIPPINES,White Shark,N
1780,BRAZIL,Other,N
1782,USA,Other,N
1783,USA,Other,N
1784,USA,Other,N
1785,USA,Other,N
1786,USA,Other,N
1787,USA,Other,N
1788,USA,Other,N
1789,USA,Other,N
1790,VENEZUELA,Other,N
1792,USA,Other,N
1793,USA,Other,N
1794,NEW ZEALAND,White Shark,N
1795,AUSTRALIA,Other,N
1796,USA,Other,N
1797,AUSTRALIA,Other,N
1798,AUSTRALIA,Other,Y
1800,COSTA RICA,Other,N
1801,AUSTRALIA,Other,N
1802,AUSTRALIA,Other,N
1803,SOUTH AFRICA,White Shark,N
1804,AUSTRALIA,Other,N
1806,AUSTRALIA,Other,Y
1808,MICRONESIA,Other,N
1809,USA,White Shark,N
1810,USA,Other,N
1811,TURKS & CAICOS,Other,N
1812,USA,Other,N
1813,USA,Other,N
1815,USA,Other,N
1816,BRAZIL,Other,Y
1818,USA,Other,N
1819,USA,Other,N
1820,USA,Other,N
1821,USA,Other,N
1823,USA,Other,N
1824,USA,Other,N
1825,TONGA,Other,N
1826,USA,Other,N
1827,USA,Other,N
1828,BRAZIL,Other,N
1830,SOUTH AFRICA,White Shark,N
1831,USA,Other,N
1832,USA,Other,N
1833,USA,Other,N
1835,USA,Other,N
1836,USA,Other,N
1838,UNITED KINGDOM,Other,N
1839,USA,Other,N
1840,USA,Other,N
1841,USA,Other,N
1843,USA,Other,Y
1844,BRAZIL,Other,N
1845,USA,Other,N
1851,USA,Other,N
1852,USA,Other,N
1853,USA,Other,N
1855,SOUTH AFRICA,Other,N
1856,USA,White Shark,N
1857,USA,Other,N
1858,USA,Other,N
1860,COSTA RICA,Other,N
1862,USA,Other,N
1865,AUSTRALIA,White Shark,Y
1867,USA,Other,N
1870,BAHAMAS,Other,N
1871,USA,Other,N
1872,USA,Other,N
1873,USA,Other,N
1874,USA,Other,N
1876,USA,Other,N
1877,USA,Other,N
1878,USA,Other,N
1881,AUSTRALIA,Other,N
1883,AUSTRALIA,Other,N
1884,AUSTRALIA,Other,N
1886,SOUTH AFRICA,Other,N
1888,SOUTH AFRICA,Other,N
1889,USA,Other,N
1891,AUSTRALIA,Other,N
1894,SOUTH AFRICA,Other,N
1895,AUSTRALIA,Other,N
1896,MEXICO,Other,N
1897,AUSTRALIA,White Shark,N
1898,USA,Other,N
1900,USA,Other,Y
1901,USA,Other,N
1903,UNITED KINGDOM,Other,N
1906,USA,Other,N
1907,USA,White Shark,Y
1908,USA,White Shark,N
1909,USA,Other,N
1910,USA,Other,Y
1911,BAHAMAS,Other,N
1916,USA,Other,N
1921,USA,Other,N
1922,USA,Other,N
1923,USA,Other,N
1924,BAHAMAS,Other,N
1925,THAILAND,Other,N
1931,USA,Other,N
1932,USA,Other,N
1934,USA,Other,N
1936,USA,Other,N
1939,USA,Other,N
1940,USA,White Shark,N
1942,USA,Other,N
1944,USA,Other,N
1948,SOUTH AFRICA,White Shark,N
1950,USA,Other,N
1954,USA,Other,N
1957,USA,Other,N
1958,USA,Other,N
1959,USA,Other,N
1960,USA,Other,N
1962,USA,White Shark,N
1963,USA,Other,N
1964,SOUTH AFRICA,White Shark,N
1965,AUSTRALIA,Other,N
1966,USA,Other,N
1968,AUSTRALIA,Other,N
1970,USA,Other,N
1973,CARIBBEAN SEA,Other,Y
1974,AUSTRALIA,White Shark,N
1976,AUSTRALIA,Other,N
1977,AUSTRALIA,Other,N
1978,CUBA,Other,N
1979,AUSTRALIA,White Shark,N
1980,USA,Other,N
1981,NEW ZEALAND,White Shark,N
1983,FIJI,Other,Y
1984,AUSTRALIA,White Shark,N
1985,CANADA,Other,N
1986,AUSTRALIA,Other,N
1988,AUSTRALIA,Other,N
1990,USA,Other,N
1992,AUSTRALIA,White Shark,N
1993,AUSTRALIA,White Shark,Y
1994,USA,White Shark,N
1995,AUSTRALIA,White Shark,N
1997,USA,Other,N
1999,USA,Other,N
2000,USA,Other,N
2003,USA,White Shark,N
2004,AUSTRALIA,White Shark,Y
2005,AUSTRALIA,White Shark,Y
2006,AUSTRALIA,Other,N
2007,OKINAWA,White Shark,Y
2011,USA,Other,N
2013,SOUTH AFRICA,White Shark,N
2014,TANZANIA,Other,Y
2015,USA,Other,N
2016,REUNION,Other,N
2017,TANZANIA,Other,Y
2018,USA,Other,N
2019,USA,Other,Y
2020,USA,Other,N
2022,USA,Other,N
2023,USA,Other,N
2024,USA,Other,N
2027,TANZANIA,Other,Y
2029,USA,Other,N
2031,USA,Other,N
2035, TONGA,Other,N
2038,USA,Other,N
2039,USA,Other,N
2041,USA,Other,N
2042,USA,Other,N
2043,USA,Other,N
2044,TANZANIA,Other,Y
2046,NEW ZEALAND,Other,N
2048,USA,Other,N
2049,USA,Other,N
2050,USA,Other,N
2051,USA,Other,N
2053,TANZANIA,Other,Y
2054,NEW CALEDONIA,Other,Y
2061,AUSTRALIA,Other,N
2062,USA,Other,N
2063,USA,Other,N
2064,NEW CALEDONIA,Other,Y
2065,AUSTRALIA,Other,N
2066,AUSTRALIA,Other,N
2070,USA,Other,N
2072,SOUTH AFRICA,White Shark,N
2073,ENGLAND,Other,N
2075,AUSTRALIA,Other,N
2078,USA,Other,N
2079,NEW ZEALAND,Other,N
2080,NEW ZEALAND,Other,N
2081,NEW ZEALAND,Other,N
2082,BRAZIL,White Shark,N
2084,BRAZIL,Other,N
2087,USA,Other,N
2088,USA,White Shark,N
2089,SOUTH AFRICA,White Shark,N
2090,BRAZIL,Other,N
2091,MARSHALL ISLANDS,Other,N
2092,MARSHALL ISLANDS,Other,N
2095,USA,Other,N
2096,USA,Other,N
2098,ITALY,White Shark,N
2099,USA,White Shark,N
2100,USA,Other,N
2102,USA,Other,N
2103,USA,Other,N
2105,USA,Other,N
2107,MARSHALL ISLANDS,Other,N
2109,USA,Other,N
2110,USA,Other,N
2111,BAHAMAS,Other,N
2112,SOUTH AFRICA,White Shark,N
2113,USA,Other,N
2114,USA,Other,N
2115,SOUTH AFRICA,White Shark,Y
2117,USA,Other,N
2118,SOUTH AFRICA,White Shark,N
2119,USA,Other,N
2120,USA,Other,N
2122,USA,Other,N
2123,AUSTRALIA,White Shark,Y
2124,BRAZIL,Other,N
2125,MAURITIUS,Other,N
2126,REUNION,Other,Y
2128,NEW ZEALAND,Other,N
2131,NEW CALEDONIA,Other,N
2132,NEW ZEALAND,Other,N
2134,USA,Other,N
2135,USA,Other,N
2136,AUSTRALIA,Other,N
2137,USA,Other,N
2138,MAURITIUS,Other,N
2139,SOUTH AFRICA,White Shark,N
2142,REUNION,Other,Y
2143,SOUTH AFRICA,White Shark,N
2147,SOUTH AFRICA,White Shark,N
2150,USA,Other,Y
2151,USA,Other,N
2152,USA,Other,N
2153,USA,White Shark,N
2154,JAPAN,Other,N
2155,BRAZIL,White Shark,Y
2165,USA,Other,N
2166,SENEGAL,Other,N
2167,USA,Other,N
2169,USA,White Shark,N
2170,USA,Other,N
2171,BAHAMAS,Other,N
2172,USA,Other,N
2173,SOUTH AFRICA,Other,N
2174,SOUTH AFRICA,White Shark,N
2175,SOUTH AFRICA,White Shark,N
2178,SOUTH AFRICA,Other,N
2179,SOUTH AFRICA,Other,N
2180,SOUTH AFRICA,Other,N
2181,AUSTRALIA,White Shark,Y
2182,SOUTH AFRICA,White Shark,Y
2186,SOUTH AFRICA,White Shark,N
2187,SOUTH AFRICA,Other,N
2188,USA,Other,N
2189,USA,Other,N
2191,SOUTH AFRICA,White Shark,N
2192,MOZAMBIQUE,Other,Y
2193,USA,White Shark,N
2194,USA,Other,N
2198,SOUTH AFRICA,White Shark,N
2199,USA,Other,N
2200,USA,Other,N
2202,NEW CALEDONIA,Other,N
2206,MOZAMBIQUE,Other,N
2209,USA,Other,N
2210,SOUTH AFRICA,White Shark,Y
2214,AUSTRALIA,White Shark,N
2217,AUSTRALIA,White Shark,N
2218,USA,Other,N
2219,USA,Other,N
2220,USA,Other,N
2221,SOUTH AFRICA,Other,N
2225,USA,Other,N
2229,USA,White Shark,N
2231,MEXICO,Other,Y
2234,EGYPT,White Shark,Y
2237,USA,Other,N
2238,USA,Other,N
2239,USA,Other,N
2240,USA,Other,N
2242,SOUTH AFRICA,White Shark,Y
2244,USA,Other,N
2245,OKINAWA,White Shark,Y
2247,USA,Other,N
2248,FIJI,Other,N
2249,USA,Other,N
2251,USA,Other,N
2252,USA,Other,N
2253,USA,Other,N
2254,USA,Other,N
2255,BAHAMAS,Other,N
2257,BRAZIL,White Shark,N
2258,AUSTRALIA,Other,N
2259,AUSTRALIA,Other,N
2263,AUSTRALIA,Other,N
2264,AUSTRALIA,Other,Y
2265,REUNION,Other,Y
2266,AUSTRALIA,White Shark,N
2268,SOUTH AFRICA,White Shark,N
2271,USA,White Shark,N
2276,USA,White Shark,N
2277,USA,Other,N
2278,USA,White Shark,N
2281,NEW ZEALAND,White Shark,N
2282,USA,Other,N
2286,SOUTH AFRICA,White Shark,N
2287,USA,Other,N
2288,USA,White Shark,N
2289,USA,Other,N
2291,OKINAWA,White Shark,Y
2292,EGYPT / ISRAEL,White Shark,N
2293,USA,Other,N
2297,USA,Other,N
2300,AUSTRALIA,White Shark,N
2302,SOUTH AFRICA,White Shark,N
2303,AUSTRALIA,Other,Y
2304,USA,Other,N
2306,USA,Other,N
2308,AUSTRALIA,Other,N
2309,AUSTRALIA,Other,N
2311,AUSTRALIA,Other,N
2312,AUSTRALIA,Other,N
2313,AUSTRALIA,Other,N
2314,USA,Other,N
2319,AUSTRALIA,Other,N
2320,USA,Other,N
2321,AUSTRALIA,Other,N
2322,USA,Other,N
2324,AUSTRALIA,Other,N
2325,REUNION,Other,Y
2326,FIJI,Other,Y
2327,USA,Other,N
2329,NEW ZEALAND,White Shark,N
2335,AUSTRALIA,Other,N
2336,USA,Other,N
2337,USA,Other,N
2339,USA,White Shark,N
2340,USA,Other,N
2343,USA,Other,Y
2344,AUSTRALIA,White Shark,Y
2345,USA,White Shark,N
2347,USA,Other,N
2350,USA,Other,N
2351,USA,Other,N
2352,USA,Other,N
2353,USA,Other,N
2354,USA,Other,N
2355,USA,Other,N
2356,TONGA,Other,N
2357,USA,Other,N
2360,USA,Other,N
2361,USA,Other,N
2374,USA,Other,N
2376,USA,White Shark,N
2377,USA,White Shark,N
2378,USA,Other,N
2380,USA,Other,N
2381,USA,Other,N
2382,USA,Other,N
2383,HONG KONG,Other,Y
2384,HONG KONG,Other,Y
2386,USA,Other,N
2387,FIJI,Other,Y
2389,SOUTH KOREA,Other,Y
2392,AUSTRALIA,Other,N
2393,JAPAN,White Shark,Y
2395,AUSTRALIA,Other,N
2397,SOUTH AFRICA,Other,N
2399,SOUTH AFRICA,Other,Y
2400,BRAZIL,Other,N
2402,AUSTRALIA,Other,N
2405,SOUTH AFRICA,White Shark,N
2411,USA,White Shark,Y
2413,SOUTH AFRICA,Other,N
2414,USA,Other,N
2418,USA,Other,N
2421,USA,White Shark,N
2423,USA,Other,N
2427,REUNION,Other,Y
2428,SOUTH AFRICA,White Shark,Y
2429,SOUTH AFRICA,White Shark,N
2431,USA,Other,N
2432,BAHAMAS,Other,N
2434,USA,Other,N
2435,USA,Other,N
2436,USA,Other,N
2438,USA,Other,N
2440,REUNION,Other,Y
2441,BAHAMAS,Other,N
2443,SOUTH AFRICA,White Shark,Y
2444,CHILE,White Shark,N
2445,CHILE,White Shark,N
2446,USA,Other,N
2447,BRAZIL,Other,N
2448,SOUTH AFRICA,Other,N
2449,USA,Other,N
2451,SOUTH AFRICA,White Shark,N
2454,USA,Other,Y
2456,AUSTRALIA,White Shark,N
2457,AUSTRALIA,Other,N
2458,SOUTH AFRICA,Other,N
2459,HONG KONG,Other,N
2461,USA,Other,Y
2463,AUSTRALIA,Other,Y
2466,USA,White Shark,N
2467,USA,Other,N
2468,USA,White Shark,N
2469,USA,Other,N
2471,SOUTH AFRICA,White Shark,N
2472,EL SALVADOR,White Shark,N
2474,USA,Other,N
2476,SPAIN,Other,N
2477,BAHAMAS,Other,N
2480,USA,White Shark,N
2481,USA,Other,N
2482,AUSTRALIA,White Shark,N
2483,USA,White Shark,N
2485,EL SALVADOR,White Shark,Y
2486,SOUTH AFRICA,White Shark,N
2487,USA,Other,N
2492,USA,Other,N
2493,AUSTRALIA,White Shark,Y
2494,AUSTRALIA,White Shark,Y
2496,USA,Other,N
2502,JAPAN,White Shark,N
2503,USA,Other,N
2504,USA,White Shark,N
2507,TONGA,Other,N
2508,AUSTRALIA,Other,N
2510,AUSTRALIA,Other,N
2511,CARIBBEAN SEA,White Shark,N
2512,USA,White Shark,N
2513,ANGOLA,White Shark,N
2516,USA,Other,N
2517,USA,Other,N
2518,USA,Other,N
2519,USA,Other,N
2520,USA,Other,N
2521,USA,Other,N
2522,USA,White Shark,N
2523,FIJI,Other,N
2524,USA,Other,N
2526,USA,Other,Y
2527,USA,White Shark,N
2528,USA,Other,N
2529,AUSTRALIA,Other,N
2531,AUSTRALIA,White Shark,Y
2533,USA,White Shark,N
2537,BAHAMAS,Other,N
2538,AUSTRALIA,White Shark,N
2540,USA,White Shark,N
2541,USA,Other,N
2544,USA,Other,N
2548,REUNION,Other,Y
2550,JAPAN,White Shark,N
2551,REUNION,Other,N
2553,REUNION,Other,Y
2555,NEW ZEALAND,White Shark,N
2556,SOUTH AFRICA,Other,N
2557,USA,Other,N
2558,AUSTRALIA,Other,N
2559,JAPAN,White Shark,Y
2561,USA,White Shark,N
2562,USA,Other,Y
2563,JAPAN,Other,N
2565,REUNION,Other,N
2566,AUSTRALIA,Other,N
2567,SOUTH AFRICA,Other,N
2568,SOUTH AFRICA,Other,N
2569,MAURITIUS,Other,N
2573,USA,White Shark,N
2574,USA,Other,Y
2575,USA,Other,N
2576,USA,Other,Y
2577,USA,Other,N
2578,AUSTRALIA,Other,N
2579,USA,Other,N
2580,USA,White Shark,N
2582,AUSTRALIA,White Shark,Y
2583,AUSTRALIA,Other,N
2584,USA,Other,N
2585,USA,Other,N
2586,USA,Other,N
2587,ITALY,White Shark,N
2588,USA,Other,N
2589,USA,Other,N
2591,REUNION,Other,N
2592,USA,White Shark,N
2593,USA,Other,N
2597,USA,Other,N
2598,HONG KONG,Other,Y
2599,USA,Other,N
2600,SOUTH AFRICA,White Shark,N
2601,BRAZIL,Other,N
2602,USA,Other,N
2603,USA,Other,N
2604,USA,Other,N
2605,AUSTRALIA,Other,N
2606,USA,White Shark,N
2607,SOUTH AFRICA,White Shark,N
2609,AUSTRALIA,Other,N
2610,AUSTRALIA,Other,N
2612,AUSTRALIA,Other,N
2613,USA,White Shark,N
2614,USA,Other,N
2615,USA,Other,N
2619,USA,Other,N
2620,USA,Other,N
2621,USA,Other,N
2622,SOUTH AFRICA,White Shark,N
2623,USA,White Shark,N
2624,USA,White Shark,N
2626,USA,White Shark,N
2631,SOUTH AFRICA,White Shark,Y
2632,BAHAMAS,Other,N
2633,SOUTH AFRICA,Other,N
2634,AUSTRALIA,Other,N
2635,AUSTRALIA,Other,N
2636,SOUTH AFRICA,White Shark,N
2637,SOUTH AFRICA,White Shark,N
2638,AUSTRALIA,Other,N
2640,AUSTRALIA,Other,N
2641,AUSTRALIA,Other,N
2644,REUNION,Other,N
2645,USA,Other,Y
2647,USA,White Shark,N
2650,AUSTRALIA,Other,N
2652,AUSTRALIA,White Shark,N
2653,SOUTH AFRICA,White Shark,Y
2655,AUSTRALIA,Other,N
2657,AUSTRALIA,White Shark,N
2659,USA,Other,N
2661,AUSTRALIA,White Shark,N
2662,SOUTH AFRICA,White Shark,N
2663,USA,Other,N
2664,USA,White Shark,N
2665,USA,White Shark,N
2666,USA,Other,N
2667,USA,Other,N
2668,AUSTRALIA,Other,N
2669,USA,Other,N
2670,SOUTH AFRICA,White Shark,N
2671,AUSTRALIA,Other,N
2673,AUSTRALIA,White Shark,N
2675,SOUTH AFRICA,White Shark,N
2678,USA,Other,N
2680,USA,Other,N
2681,ITALY,White Shark,N
2682,SOUTH AFRICA,White Shark,N
2683,SOUTH AFRICA,White Shark,N
2685,USA,Other,N
2686,USA,White Shark,N
2687,USA,White Shark,N
2690,AUSTRALIA,White Shark,Y
2691,AUSTRALIA,Other,N
2692,SOUTH AFRICA,Other,N
2694,ITALY,White Shark,Y
2696,USA,White Shark,Y
2697,USA,Other,N
2700,AUSTRALIA,Other,N
2701,PAPUA NEW GUINEA,Other,N
2703,CHILE,White Shark,Y
2707,USA,White Shark,N
2708,AUSTRALIA,Other,N
2709,USA,Other,N
2710,USA,Other,N
2711,USA,Other,N
2713,USA,Other,N
2714,USA,Other,N
2715,USA,Other,N
2716,USA,Other,Y
2717,USA,Other,N
2720,USA,White Shark,N
2721,BAHAMAS,Other,N
2722,BAHAMAS,Other,N
2723,BAHAMAS,Other,N
2726,BAHAMAS,Other,N
2728,SOUTH AFRICA,White Shark,N
2729,USA,Other,N
2730,USA,Other,N
2732,USA,Other,N
2737,USA,White Shark,N
2745,SOUTH AFRICA,Other,N
2747,SOUTH AFRICA,Other,N
2748,SOUTH AFRICA,Other,N
2749,SOUTH AFRICA,Other,N
2750,AUSTRALIA,Other,N
2751,Fiji,Other,N
2754,USA,Other,N
2755,SOUTH AFRICA,Other,N
2756,SOUTH AFRICA,Other,N
2757,AUSTRALIA,Other,N
2759,USA,Other,N
2763,USA,Other,N
2765,SOUTH AFRICA,White Shark,N
2766,DOMINICAN REPUBLIC,Other,Y
2767,AUSTRALIA,White Shark,Y
2768,SOUTH AFRICA,White Shark,N
2769,USA,Other,N
2770,USA,White Shark,N
2771,USA,Other,N
2772,USA,Other,N
2773,USA,Other,N
2774,USA,Other,N
2776,BAHAMAS,Other,N
2777,USA,Other,N
2778,USA,Other,N
2784,VANUATU,Other,Y
2785,AUSTRALIA,Other,N
2786,SOUTH AFRICA,White Shark,N
2787,USA,Other,N
2789,SOUTH AFRICA,White Shark,N
2792,ITALY,White Shark,N
2793,SOUTH AFRICA,Other,N
2794,SOUTH AFRICA,White Shark,Y
2795,USA,Other,N
2797,USA,White Shark,N
2799,NEW CALEDONIA,Other,N
2803,SOUTH AFRICA,Other,N
2804,USA,Other,N
2805,SOUTH AFRICA,Other,N
2807,USA,Other,N
2813,AUSTRALIA,Other,N
2815,AUSTRALIA,White Shark,N
2816,USA,Other,N
2817,SOUTH AFRICA,Other,N
2818,AUSTRALIA,Other,N
2821,SPAIN,Other,N
2822,SPAIN,White Shark,N
2823,SOUTH AFRICA,Other,N
2824,SOUTH AFRICA,Other,N
2825,SOUTH AFRICA,White Shark,N
2827,SOUTH AFRICA,Other,N
2828,SOUTH AFRICA,Other,N
2829,AUSTRALIA,Other,N
2830,USA,Other,N
2831,USA,Other,N
2833,USA,Other,N
2834,AUSTRALIA,Other,N
2835,USA,White Shark,N
2837,SOUTH AFRICA,White Shark,N
2838,USA,Other,N
2839,USA,Other,N
2840,USA,Other,N
2841,USA,Other,N
2842,USA,White Shark,N
2844,USA,Other,N
2849,USA,Other,N
2851,USA,White Shark,N
2852,USA,Other,N
2853,ITALY,White Shark,N
2854,USA,Other,N
2855,SOUTH AFRICA,Other,N
2857,AUSTRALIA,White Shark,Y
2858,USA,White Shark,N
2860,SOUTH AFRICA,Other,N
2862,SOUTH AFRICA,White Shark,N
2863,NEW ZEALAND,Other,N
2864,SOUTH AFRICA,White Shark,N
2865,NEW CALEDONIA,Other,N
2866,SOUTH AFRICA,Other,N
2868,IRAN,Other,Y
2869,ITALY,White Shark,N
2870,AUSTRALIA,Other,Y
2871,USA,Other,N
2872,USA,Other,N
2874,USA,Other,N
2876,USA,Other,N
2877,USA,White Shark,N
2878,USA,White Shark,N
2881,USA,Other,N
2883,USA,Other,N
2884,USA,White Shark,Y
2885,MEXICO,White Shark,N
2889,USA,Other,N
2892,SOUTH AFRICA,Other,N
2893,SOUTH AFRICA,White Shark,N
2894,USA,Other,N
2899,SOUTH AFRICA,Other,N
2901,SOUTH AFRICA,Other,N
2902,SOUTH AFRICA,Other,N
2904,AUSTRALIA,White Shark,N
2905,SOUTH AFRICA,Other,N
2907,USA,Other,N
2911,AUSTRALIA,White Shark,N
2913,SOUTH AFRICA,Other,N
2915,PHILIPPINES,Other,N
2916,USA,Other,N
2918,USA,Other,N
2919,USA,Other,N
2921,USA,White Shark,N
2922,SOUTH AFRICA,White Shark,N
2923,USA,Other,N
2924,USA,Other,N
2925,USA,Other,N
2927,AUSTRALIA,Other,Y
2928,AUSTRALIA,Other,Y
2929,AUSTRALIA,Other,N
2930,SOUTH AFRICA,Other,N
2931,USA,Other,N
2937,BAHAMAS,Other,N
2939,BAHAMAS,Other,N
2940,USA,Other,N
2944,SOUTH AFRICA,Other,N
2947,SOUTH AFRICA,Other,N
2948,SOUTH AFRICA,Other,N
2950,NEW CALEDONIA,Other,N
2951,SOUTH AFRICA,Other,N
2955,SOUTH AFRICA,White Shark,N
2958,USA,Other,N
2960,USA,Other,N
2962,SOUTH AFRICA,White Shark,N
2963,USA,Other,N
2964,USA,White Shark,N
2965,USA,White Shark,N
2970,TUNISIA,Other,N
2972,SOUTH AFRICA,White Shark,N
2973,USA,White Shark,N
2974,USA,Other,N
2978,SOUTH AFRICA,White Shark,Y
2979,USA,Other,N
2980,BAHAMAS,Other,N
2982,USA,Other,N
2987,AUSTRALIA,White Shark,Y
2988,USA,Other,N
2993,USA,White Shark,N
2995,SOUTH AFRICA,Other,N
2996,ITALY,White Shark,N
2997,ITALY,White Shark,N
2999,USA,White Shark,Y
3001,USA,Other,N
3003,SOUTH AFRICA,White Shark,N
3004,USA,Other,N
3005,USA,Other,N
3008,USA,Other,N
3011,USA,Other,Y
3014,USA,Other,N
3015,USA,Other,N
3017,USA,Other,N
3019,BAHAMAS,Other,N
3020,USA,Other,N
3021,SOUTH AFRICA,Other,N
3022,USA,Other,N
3023,SOUTH AFRICA,Other,N
3024,ENGLAND,Other,N
3027,SOUTH KOREA,White Shark,Y
3028,SOUTH AFRICA,Other,N
3030,USA,Other,N
3031,SOUTH AFRICA,Other,N
3034,SOUTH AFRICA,Other,N
3035,USA,Other,N
3036,USA,Other,N
3037,CHILE,White Shark,N
3038,BRAZIL,White Shark,N
3039,SOUTH AFRICA,Other,N
3040,AUSTRALIA,Other,N
3042,USA,Other,N
3044,USA,Other,N
3046,AUSTRALIA,Other,N
3048,SOUTH AFRICA,Other,N
3050,REUNION,White Shark,N
3054,USA,White Shark,N
3055,USA,White Shark,N
3058,USA,Other,N
3059,SPAIN,Other,N
3061,USA,Other,N
3064,USA,Other,N
3065,SOUTH AFRICA,Other,N
3068,MEXICO,Other,N
3069,SOUTH AFRICA,Other,Y
3070,BRAZIL,Other,N
3072,SOUTH AFRICA,Other,N
3073,SOUTH AFRICA,White Shark,N
3074,KENYA,Other,N
3075,SOUTH AFRICA,Other,N
3076,SOUTH AFRICA,Other,N
3077,SOUTH AFRICA,Other,N
3078,CHILE,White Shark,Y
3079,NORTH ATLANTIC OCEAN,Other,N
3084,PORTUGAL,White Shark,Y
3085,SOUTH CHINA SEA,Other,N
3086,USA,White Shark,N
3087,SOUTH AFRICA,White Shark,N
3088,SOUTH AFRICA,Other,N
3089,AUSTRALIA,Other,N
3096,SOUTH AFRICA,White Shark,N
3099,NEW CALEDONIA,Other,Y
3102,USA,Other,N
3103,USA,White Shark,N
3106,SOUTH AFRICA,Other,N
3109,SOUTH AFRICA,White Shark,Y
3110,USA,Other,N
3113,SOUTH AFRICA,White Shark,N
3114,ITALY,White Shark,N
3115,AUSTRALIA,Other,N
3116,USA,Other,N
3125,AUSTRALIA,Other,N
3127,SOUTH AFRICA,Other,N
3128,SOUTH AFRICA,White Shark,N
3129,SOUTH AFRICA,Other,N
3135,SOUTH AFRICA,Other,N
3136,SOUTH AFRICA,White Shark,N
3137,SOUTH AFRICA,Other,N
3138,SOUTH AFRICA,White Shark,N
3139,AUSTRALIA,White Shark,N
3141,SOUTH AFRICA,White Shark,N
3142,USA,White Shark,N
3145,USA,Other,N
3146,USA,Other,N
3147,SOUTH AFRICA,Other,N
3150,USA,Other,N
3155,AUSTRALIA,Other,N
3160,USA,White Shark,N
3161,SOUTH AFRICA,White Shark,N
3163,USA,Other,N
3165,SOUTH AFRICA,White Shark,N
3166,SOUTH AFRICA,White Shark,N
3167,USA,White Shark,N
3168,SOUTH AFRICA,White Shark,N
3170,AUSTRALIA,Other,N
3174,USA,Other,N
3176,USA,White Shark,N
3180,USA,Other,N
3181,USA,Other,N
3182,USA,Other,N
3183,ITALY,Other,N
3184,AUSTRALIA,Other,N
3185,SOUTH AFRICA,Other,N
3188,SOUTH AFRICA,Other,N
3189,SOUTH AFRICA,White Shark,N
3190,SOUTH AFRICA,White Shark,N
3191,SOUTH AFRICA,White Shark,N
3192,SOUTH AFRICA,Other,N
3194,SOUTH AFRICA,White Shark,N
3195,USA,Other,N
3196,NEW ZEALAND,Other,Y
3198,AUSTRALIA,Other,N
3199,USA,White Shark,N
3200,AUSTRALIA,Other,N
3201,AUSTRALIA,Other,N
3202,SOUTH AFRICA,Other,N
3204,USA,Other,N
3206,AUSTRALIA,Other,N
3208,SOUTH AFRICA,Other,N
3209,SOUTH AFRICA,White Shark,N
3210,USA,Other,N
3211,USA,White Shark,N
3214,AUSTRALIA,White Shark,Y
3216,AUSTRALIA,Other,N
3217,USA,White Shark,N
3218,USA,White Shark,N
3219,USA,Other,N
3220,AUSTRALIA,Other,N
3222,USA,Other,N
3231,SOUTH AFRICA,White Shark,N
3234,USA,Other,N
3235,AUSTRALIA,Other,N
3236,SOUTH AFRICA,Other,N
3238,SOUTH AFRICA,Other,N
3239,SOUTH AFRICA,Other,N
3240,AUSTRALIA,White Shark,Y
3241,AUSTRALIA,Other,N
3243,SOUTH AFRICA,Other,N
3245,BERMUDA,Other,N
3249,USA,White Shark,N
3250,USA,White Shark,N
3251,ISRAEL,Other,N
3252,USA,White Shark,N
3253,USA,White Shark,N
3255,USA,White Shark,N
3260,CROATIA,White Shark,Y
3261,USA,White Shark,N
3262,USA,White Shark,N
3263,USA,Other,Y
3264,USA,Other,Y
3266,USA,White Shark,N
3268,SOUTH AFRICA,Other,N
3271,SOUTH AFRICA,Other,N
3272,SOUTH AFRICA,Other,N
3273,SOUTH AFRICA,White Shark,N
3276,SOUTH AFRICA,White Shark,N
3277,SOUTH AFRICA,White Shark,N
3278,SOUTH AFRICA,Other,N
3279,AUSTRALIA,White Shark,Y
3280,SOUTH AFRICA,Other,N
3283,AUSTRALIA,Other,N
3294,BAHAMAS,Other,N
3296,MEXICO,White Shark,Y
3297,EGYPT,Other,N
3299,AUSTRALIA,Other,N
3300,USA,Other,N
3305,SOUTH AFRICA,Other,N
3307,SOUTH AFRICA,Other,N
3308,USA,Other,N
3309,PALAU,Other,N
3310,PALAU,Other,N
3313,MOZAMBIQUE,Other,N
3315,SOUTH AFRICA,White Shark,N
3320,AUSTRALIA,Other,N
3321,USA,White Shark,Y
3324,USA,White Shark,N
3327,USA,Other,N
3328,AUSTRALIA,White Shark,N
3332,USA,Other,N
3333,USA,White Shark,N
3334,FRENCH POLYNESIA,Other,N
3335,WESTERN SAMOA,Other,Y
3340,AUSTRALIA,Other,N
3343,SOUTH AFRICA,Other,N
3344,MOZAMBIQUE,White Shark,N
3345,FRANCE,White Shark,N
3346,MARSHALL ISLANDS,Other,N
3348,SOUTH AFRICA,White Shark,N
3352,USA,Other,N
3353,SOUTH AFRICA,Other,N
3354,USA,White Shark,N
3356,CROATIA,White Shark,Y
3358,AUSTRALIA,Other,N
3360,USA,White Shark,N
3361,SOUTH AFRICA,White Shark,N
3362,BRITISH ISLES,Other,N
3363,KENYA,Other,N
3364,SOUTH AFRICA,White Shark,Y
3369,NEW ZEALAND,White Shark,N
3371,AUSTRALIA,White Shark,N
3376,MICRONESIA,Other,N
3381,MICRONESIA,Other,N
3382,PALAU,Other,N
3385,USA,Other,N
3389,USA,Other,N
3390,SOUTH AFRICA,Other,N
3396,SOLOMON ISLANDS,Other,N
3401,MOZAMBIQUE,Other,N
3402,MOZAMBIQUE,Other,N
3403,MOZAMBIQUE,Other,N
3406,ENGLAND,Other,N
3409,SPAIN,Other,N
3410,ITALY,White Shark,N
3411,CROATIA,White Shark,N
3417,USA,Other,N
3419,USA,White Shark,N
3420,USA,White Shark,N
3424,USA,Other,N
3427,USA,Other,N
3428,USA,White Shark,N
3432,USA,Other,N
3433,USA,Other,N
3437,USA,Other,N
3438,AUSTRALIA,Other,N
3439,USA,White Shark,N
3440,AUSTRALIA,Other,N
3443,AUSTRALIA,Other,N
3444,BAHAMAS,Other,N
3446,AUSTRALIA,Other,N
3447,NEW ZEALAND,White Shark,N
3448,AUSTRALIA,White Shark,N
3449,SOUTH AFRICA,Other,N
3451,SOUTH AFRICA,Other,N
3455,USA,Other,N
3458,NEW ZEALAND,White Shark,Y
3459,USA,Other,N
3463,COLUMBIA,Other,N
3464,USA,White Shark,N
3466,USA,Other,N
3469,BAHAMAS,Other,N
3471,ENGLAND,Other,N
3475,USA,Other,N
3476,AUSTRALIA,Other,N
3478,AUSTRALIA,Other,N
3479,SOUTH AFRICA,Other,N
3484,NEW ZEALAND,Other,N
3485,AUSTRALIA,Other,N
3492,SOUTH AFRICA,Other,N
3497,AUSTRALIA,Other,N
3498,AUSTRALIA,Other,N
3503,USA,Other,N
3510,PAPUA NEW GUINEA,Other,Y
3511,USA,Other,N
3514,AUSTRALIA,White Shark,Y
3518,USA,Other,N
3519,BAHAMAS,Other,N
3520,SENEGAL,Other,N
3524,USA,Other,N
3525,ITALY,White Shark,N
3526,AUSTRALIA,Other,N
3527,AUSTRALIA,Other,N
3530,SOUTH AFRICA,White Shark,N
3531,AUSTRALIA,Other,N
3533,NEW ZEALAND,White Shark,Y
3534,PAPUA NEW GUINEA,Other,N
3536,SOUTH AFRICA,White Shark,N
3537,SOUTH AFRICA,Other,N
3539,AUSTRALIA,Other,N
3540,AUSTRALIA,Other,N
3541,AUSTRALIA,Other,N
3542,AUSTRALIA,Other,N
3544,AUSTRALIA,Other,N
3546,PAPUA NEW GUINEA,Other,Y
3547,PAPUA NEW GUINEA,Other,Y
3548,PAPUA NEW GUINEA,Other,Y
3549,AUSTRALIA,Other,N
3553,AUSTRALIA,Other,N
3554,USA,Other,N
3559,NEW BRITAIN,Other,Y
3560,NEW BRITAIN,Other,Y
3561,CROATIA,White Shark,Y
3562,TAIWAN,Other,N
3563,ITALY,Other,N
3565,USA,Other,N
3566,USA,Other,N
3567,USA,Other,N
3573,USA,Other,N
3574,USA,Other,N
3575,USA,Other,N
3578,AUSTRALIA,Other,N
3579,AUSTRALIA,White Shark,Y
3584,AUSTRALIA,White Shark,N
3586,AUSTRALIA,White Shark,N
3587,SOUTH AFRICA,Other,N
3589,USA,White Shark,N
3590,AUSTRALIA,Other,N
3591,COLUMBIA,Other,Y
3592,SOUTH AFRICA,Other,N
3593,AUSTRALIA,Other,N
3594,SOUTH AFRICA,Other,N
3596,USA,Other,N
3598,AUSTRALIA,Other,N
3599,JOHNSTON ISLAND,Other,N
3600,AUSTRALIA,Other,N
3601,AUSTRALIA,Other,Y
3604,AUSTRALIA,Other,N
3606,BAHAMAS,Other,N
3607,BAHAMAS,Other,Y
3608,NEW BRITAIN,Other,Y
3610,PAPUA NEW GUINEA,Other,N
3611,PAPUA NEW GUINEA,Other,N
3612,MEXICO,Other,N
3615,BAHAMAS,Other,N
3622,SOUTH PACIFIC OCEAN,Other,Y
3628,USA,Other,N
3630,USA,White Shark,N
3631,PALAU,Other,N
3632,USA,Other,N
3634,USA,Other,N
3635,SOUTH AFRICA,Other,N
3636,USA,Other,N
3638,SOUTH AFRICA,White Shark,N
3640,AUSTRALIA,Other,N
3641,NEW GUINEA,Other,Y
3644,USA,Other,N
3645,RED SEA,White Shark,N
3646,EGYPT,Other,N
3649,SOUTH AFRICA,Other,N
3651,AUSTRALIA,Other,N
3652,PAPUA NEW GUINEA,Other,N
3654,AUSTRALIA,White Shark,N
3656,AUSTRALIA,White Shark,N
3657,USA,Other,N
3660,AUSTRALIA,Other,N
3663,TAIWAN,Other,N
3665,MEXICO,Other,N
3667,USA,Other,N
3668,USA,Other,N
3670,PANAMA,Other,N
3671,USA,Other,N
3672,SOUTH AFRICA,Other,N
3675,USA,White Shark,N
3680,USA,Other,N
3681,PAPUA NEW GUINEA,Other,N
3684,PANAMA,Other,N
3685,FIJI,Other,Y
3686,PANAMA,Other,Y
3688,AUSTRALIA,Other,N
3690,USA,Other,N
3691,SENEGAL,Other,N
3692,FIJI,Other,N
3696,NEW ZEALAND,White Shark,N
3697,SOUTH AFRICA,White Shark,N
3698,NEW ZEALAND,Other,N
3699,NEW ZEALAND,White Shark,Y
3701,NEW ZEALAND,Other,N
3702,USA,Other,N
3707,SOUTH AFRICA,White Shark,N
3708,AUSTRALIA,Other,N
3709,USA,White Shark,N
3710,PAPUA NEW GUINEA,Other,Y
3713,SOUTH AFRICA,Other,N
3715,SOUTH AFRICA,Other,N
3716,SOUTH AFRICA,Other,N
3717,AUSTRALIA,Other,N
3720,SOUTH AFRICA,Other,N
3721,AUSTRALIA,Other,N
3722,SOUTH AFRICA,White Shark,N
3723,SOUTH AFRICA,Other,Y
3724,AUSTRALIA,White Shark,N
3725,NEW BRITAIN,Other,Y
3726,NEW ZEALAND,Other,N
3727,PAPUA NEW GUINEA,Other,N
3728,FIJI,Other,N
3731,AUSTRALIA,White Shark,N
3732,USA,Other,N
3733,PAPUA NEW GUINEA,Other,N
3734,PALAU,Other,N
3735,USA,Other,N
3737,CHILE,White Shark,Y
3739,SOLOMON ISLANDS,Other,Y
3740,AUSTRALIA,Other,N
3741,USA,Other,N
3742,DOMINICAN REPUBLIC,Other,Y
3743,FEDERATED STATES OF MICRONESIA,Other,N
3745,USA,Other,N
3748,GREECE,White Shark,Y
3749,PAPUA NEW GUINEA,Other,N
3752,AUSTRALIA,Other,N
3753,USA,Other,Y
3755,AUSTRALIA,Other,N
3756,USA,Other,N
3760,AUSTRALIA,Other,N
3761,FIJI,White Shark,N
3765,AUSTRALIA,Other,Y
3767,SOUTH AFRICA,Other,N
3768,NEW ZEALAND,Other,N
3769,SOUTH AFRICA,Other,N
3770,SOUTH AFRICA,Other,N
3771,SOUTH AFRICA,Other,N
3772,AUSTRALIA,White Shark,N
3773,MOZAMBIQUE,Other,N
3776,SOUTH AFRICA,Other,N
3777,AUSTRALIA,White Shark,Y
3778,SOUTH AFRICA,Other,N
3779,AUSTRALIA,Other,N
3781,USA,White Shark,N
3782,AUSTRALIA,Other,N
3785,MEXICO,Other,Y
3787,AUSTRALIA,Other,N
3790,BRITISH WEST INDIES,Other,N
3793,ITALY,White Shark,Y
3794,ISRAEL,Other,N
3796,PAPUA NEW GUINEA,Other,N
3797,USA,Other,N
3799,SOUTH AFRICA,Other,N
3800,USA,Other,Y
3801,USA,Other,N
3803,ITALY,White Shark,N
3804,SENEGAL,Other,N
3805,USA,Other,N
3806,MADAGASCAR,Other,N
3807,USA,Other,N
3812,SOUTH AFRICA,Other,N
3813,USA,Other,N
3817,PAPUA NEW GUINEA,Other,Y
3820,USA,Other,N
3825,AUSTRALIA,Other,N
3827,SOUTH AFRICA,Other,N
3828,SOUTH AFRICA,Other,N
3829,NEW ZEALAND,Other,N
3830,AUSTRALIA,Other,N
3831,PAPUA NEW GUINEA,Other,Y
3832,PAPUA NEW GUINEA,Other,N
3833,NEW ZEALAND,Other,N
3834,AUSTRALIA,Other,N
3836,SOUTH AFRICA,White Shark,Y
3837,AUSTRALIA,Other,N
3840,NEW ZEALAND,Other,N
3842,AUSTRALIA,Other,N
3844,NEW ZEALAND,Other,N
3846,USA,White Shark,N
3847,AUSTRALIA,Other,N
3848,AUSTRALIA,Other,N
3849,AUSTRALIA,Other,N
3850,PAPUA NEW GUINEA,White Shark,N
3851,NEW ZEALAND,Other,N
3852,AUSTRALIA,White Shark,N
3857,AUSTRALIA,Other,N
3858,MARSHALL ISLANDS,Other,N
3862,AUSTRALIA,Other,Y
3863,AUSTRALIA,Other,N
3864,SOUTH AFRICA,Other,N
3865,AUSTRALIA,Other,N
3866,AUSTRALIA,Other,N
3868,AUSTRALIA,Other,Y
3869,AUSTRALIA,Other,N
3873,VANUATU,Other,N
3876,CROATIA,White Shark,Y
3878,MID ATLANTIC OCEAN,White Shark,N
3879,PERSIAN GULF,Other,N
3880,ITALY,Other,N
3882,USA,White Shark,N
3883,USA,White Shark,N
3884,BERMUDA,Other,N
3885,USA,Other,N
3887,USA,Other,N
3889,AUSTRALIA,White Shark,N
3890,ITALY,White Shark,N
3894,USA,Other,N
3896,PAPUA NEW GUINEA,Other,N
3897,USA,White Shark,N
3899,USA,Other,N
3902,AUSTRALIA,Other,N
3903,MOZAMBIQUE,Other,N
3904,SOUTH AFRICA,Other,N
3905,USA,Other,N
3906,AUSTRALIA,Other,N
3907,AUSTRALIA,Other,N
3908,MOZAMBIQUE,Other,Y
3910,AUSTRALIA,Other,N
3911,AUSTRALIA,Other,N
3912,AUSTRALIA,Other,N
3913,AUSTRALIA,Other,N
3915,AUSTRALIA,White Shark,N
3916,NORTH PACIFIC OCEAN,Other,N
3917,SOUTH AFRICA,Other,N
3920,AUSTRALIA,Other,N
3922,SOUTH AFRICA,Other,N
3923,SOUTH AFRICA,Other,Y
3924,AUSTRALIA,Other,N
3926,SOUTH AFRICA,Other,N
3927,SOUTH AFRICA,White Shark,N
3928,AUSTRALIA,Other,N
3929,SOUTH AFRICA,White Shark,N
3931,AUSTRALIA,Other,N
3932,MOZAMBIQUE,Other,N
3937,COLUMBIA,Other,N
3939,SENEGAL,Other,Y
3942,AUSTRALIA,Other,N
3943,SOUTH AFRICA,White Shark,Y
3944,AUSTRALIA,Other,N
3945,AUSTRALIA,Other,N
3946,AUSTRALIA,Other,N
3949,AUSTRALIA,Other,N
3950,SOUTH AFRICA,White Shark,N
3951,NEW GUINEA,Other,N
3954,SOUTH AFRICA,White Shark,N
3959,SOUTH AFRICA,White Shark,N
3961,USA,Other,N
3963,AUSTRALIA,Other,N
3974,USA,Other,N
3975,ENGLAND,Other,N
3976,USA,Other,N
3980,USA,Other,N
3982,USA,Other,N
3983,NEW ZEALAND,White Shark,N
3984,NORTH SEA,Other,N
3985,USA,Other,N
3990,BERMUDA,Other,N
3991,USA,White Shark,N
3992,USA,Other,N
3994,SOUTH AFRICA,White Shark,N
3995,USA,White Shark,N
3996,AUSTRALIA,Other,N
3997,SOUTH AFRICA,Other,N
3999,AUSTRALIA,White Shark,N
4000,AUSTRALIA,Other,N
4001,AUSTRALIA,Other,N
4002,AUSTRALIA,Other,N
4003,AUSTRALIA,White Shark,N
4006,SOUTH AFRICA,White Shark,N
4007,USA,Other,N
4008,GUAM,Other,N
4009,AUSTRALIA,Other,N
4010,NEW ZEALAND,Other,N
4013,PAPUA NEW GUINEA,Other,Y
4014,AUSTRALIA,Other,N
4015,AUSTRALIA,Other,N
4017,PAPUA NEW GUINEA,Other,N
4019,AUSTRALIA,Other,N
4020,AUSTRALIA,Other,Y
4021,AUSTRALIA,Other,N
4022,AUSTRALIA,Other,N
4024,NICARAGUA ,Other,N
4027,SRI LANKA,Other,N
4028,SRI LANKA,Other,N
4033,SOUTH AFRICA,Other,N
4034,AUSTRALIA,Other,N
4035,AUSTRALIA,Other,N
4039,AUSTRALIA,Other,N
4041,NEW ZEALAND,Other,N
4043,AUSTRALIA,Other,N
4044,AUSTRALIA,Other,N
4045,AUSTRALIA,Other,N
4047,SOUTH AFRICA,Other,N
4048,AUSTRALIA,Other,N
4049,USA,Other,N
4050,AUSTRALIA,Other,N
4054,USA,White Shark,N
4055,FIJI,Other,Y
4056,FIJI,Other,N
4059,USA,Other,N
4060,USA,White Shark,N
4061,USA,White Shark,N
4062,INDIA,Other,Y
4065,AZORES,White Shark,N
4070,USA,Other,Y
4071,USA,Other,N
4073,USA,Other,N
4074,CROATIA,Other,N
4075,JAPAN,Other,Y
4079,USA,White Shark,N
4080,USA,Other,N
4081,JAPAN,Other,Y
4082,USA,Other,N
4083,USA,Other,N
4084,USA,Other,N
4086,USA,Other,N
4087,NORTH ATLANTIC OCEAN,White Shark,N
4091,USA,White Shark,Y
4093,SOUTH AFRICA,White Shark,N
4094,USA,Other,N
4095,USA,White Shark,Y
4096,USA,Other,N
4099,AUSTRALIA,Other,N
4105,USA,Other,N
4106,AUSTRALIA,Other,N
4108,PAPUA NEW GUINEA,Other,N
4110,SOUTH AFRICA,Other,N
4111,AUSTRALIA,Other,N
4112,ECUADOR,Other,N
4114,AUSTRALIA,Other,Y
4115,AUSTRALIA,Other,N
4116,SOUTH AFRICA,White Shark,N
4117,NEW GUINEA,Other,N
4119,AUSTRALIA,Other,N
4120,SOUTH KOREA,White Shark,Y
4121,INDIA,Other,Y
4122,ATLANTIC OCEAN,Other,N
4130,USA,Other,Y
4131,AMERICAN SAMOA,Other,Y
4132,AUSTRALIA,Other,Y
4135,USA,White Shark,N
4140,ANDAMAN / NICOBAR ISLANDAS,Other,Y
4141,BAHAMAS,Other,N
4143,MEXICO,Other,N
4144,CROATIA,Other,N
4146,USA,Other,N
4147,USA,Other,N
4150,PACIFIC OCEAN,Other,Y
4151,PACIFIC OCEAN,Other,N
4152,USA,Other,N
4154,BAHAMAS,Other,N
4156,USA,Other,N
4157,USA,Other,N
4158,USA,Other,N
4161,USA,Other,N
4162,TAIWAN,Other,N
4163,SOUTH AFRICA,Other,Y
4164,SOUTH AFRICA,Other,Y
4167,USA,Other,N
4169,AUSTRALIA,Other,N
4171,SOUTH AFRICA,White Shark,Y
4172,TONGA,Other,N
4174,PANAMA,Other,N
4177,PAPUA NEW GUINEA,Other,Y
4179,SOUTH AFRICA,White Shark,N
4182,SOUTH AFRICA,Other,N
4184,SOUTH AFRICA,Other,Y
4191,MARSHALL ISLANDS,Other,N
4192,USA,Other,N
4193,USA,White Shark,N
4194,USA,White Shark,Y
4195,AUSTRALIA,Other,N
4197,AUSTRALIA,Other,N
4200,USA,White Shark,Y
4201,AUSTRALIA,Other,N
4202,USA,Other,N
4203,AUSTRALIA,Other,N
4207,USA,Other,N
4209,USA,Other,N
4212,USA,Other,N
4214,CUBA,Other,N
4216,USA,Other,N
4218,IRAN,Other,N
4220,IRAN,Other,N
4222,PAPUA NEW GUINEA,Other,Y
4225,NEW ZEALAND,Other,N
4226,SOUTH AFRICA,White Shark,N
4227,PAPUA NEW GUINEA,Other,N
4228,SENEGAL,Other,N
4230,USA,Other,N
4232,MAYOTTE,Other,Y
4233,ITALY,White Shark,N
4234,PAPUA NEW GUINEA,Other,Y
4237,AUSTRALIA,Other,N
4238,USA,White Shark,N
4242,MALTA,White Shark,N
4244,PAPUA NEW GUINEA,Other,N
4246,USA,Other,N
4247,MALTA,White Shark,Y
4250,AUSTRALIA,Other,N
4253,SOUTH AFRICA,White Shark,N
4256,ITALY,White Shark,N
4258,AUSTRALIA,Other,Y
4260,AUSTRALIA,Other,Y
4264,AUSTRALIA,Other,N
4267,GREECE,White Shark,Y
4268,USA,Other,N
4275,PAPUA NEW GUINEA,Other,N
4277,AUSTRALIA,Other,N
4278,NORTH PACIFIC OCEAN,White Shark,Y
4279,NORTH PACIFIC OCEAN,White Shark,N
4284,USA,Other,N
4285,CROATIA,White Shark,Y
4286,AMERICAN SAMOA,Other,Y
4287,USA,Other,N
4289,AUSTRALIA,Other,N
4290,JAPAN,Other,Y
4291,USA,Other,N
4292,MONTENEGRO,White Shark,Y
4293,YEMEN,Other,Y
4294,USA,Other,N
4296,PAPUA NEW GUINEA,Other,N
4297,PAPUA NEW GUINEA,Other,N
4300,PAPUA NEW GUINEA,Other,N
4302,USA,Other,N
4303,USA,White Shark,N
4304,AUSTRALIA,White Shark,Y
4307,AUSTRALIA,Other,N
4308,AUSTRALIA,Other,Y
4311,CUBA,Other,N
4314,COLUMBIA,Other,N
4320,USA,Other,N
4322,UNITED KINGDOM,Other,N
4323,CROATIA,White Shark,N
4325,USA,Other,N
4327,AUSTRALIA,Other,Y
4329,CUBA,Other,N
4330,CUBA,Other,N
4335,USA,Other,N
4336,BERMUDA,Other,N
4340,AUSTRALIA,Other,N
4349,ARGENTINA,White Shark,N
4350,PAPUA NEW GUINEA,Other,N
4351,IRAN,Other,Y
4352,MARTINIQUE,Other,N
4354,USA,Other,N
4356,IRAN,Other,Y
4357,IRAN,Other,N
4358,SOUTH AFRICA,Other,N
4361,AUSTRALIA,Other,N
4366,USA,Other,N
4367,USA,Other,N
4370,USA,Other,Y
4374,CANADA,White Shark,N
4377,AUSTRALIA,Other,N
4380,IRAN,Other,N
4381,IRAN,Other,N
4383,AUSTRALIA,Other,N
4385,PAPUA NEW GUINEA,Other,Y
4387,AUSTRALIA,Other,N
4388,AUSTRALIA,Other,N
4390,AUSTRALIA,Other,N
4391,AUSTRALIA,Other,N
4395,AUSTRALIA,Other,N
4397,ITALY,Other,N
4399,USA,White Shark,Y
4400,USA,Other,Y
4403,ITALY,Other,Y
4404,USA,Other,N
4405,USA,Other,N
4406,USA,Other,N
4409,USA,Other,N
4410,USA,White Shark,N
4411,AUSTRALIA,Other,N
4412,INDIA,Other,N
4413,AUSTRALIA,White Shark,N
4414,SUDAN,Other,N
4415,NETHERLANDS ANTILLES,Other,N
4417,AUSTRALIA,Other,N
4420,PAPUA NEW GUINEA,Other,Y
4424,AUSTRALIA,Other,N
4426,AUSTRALIA,Other,Y
4427,SOUTH AFRICA,White Shark,N
4429,SOUTH AFRICA,White Shark,N
4436,GREECE,White Shark,N
4437,GREECE,White Shark,Y
4441,PACIFIC OCEAN,Other,N
4446,AUSTRALIA,Other,N
4447,AUSTRALIA,Other,N
4449,SOUTH AFRICA,Other,N
4451,AUSTRALIA,Other,N
4455,AUSTRALIA,Other,N
4456,AUSTRALIA,Other,N
4458,AUSTRALIA,Other,N
4459,AUSTRALIA,White Shark,N
4460,AUSTRALIA,Other,N
4461,USA,White Shark,N
4462,AUSTRALIA,Other,N
4463,EL SALVADOR,Other,N
4465,AUSTRALIA,White Shark,N
4469,USA,Other,N
4471,USA,Other,N
4472,USA,Other,N
4475,ITALY,White Shark,N
4477,SOUTH AFRICA,Other,N
4478,SOUTH AFRICA,Other,N
4481,AUSTRALIA,Other,N
4482,SOUTH AFRICA,White Shark,Y
4485,AUSTRALIA,White Shark,N
4486,SRI LANKA,Other,N
4487,SRI LANKA,Other,N
4489,INDONESIA,Other,Y
4492,PANAMA,Other,N
4499,AUSTRALIA,Other,N
4500,AUSTRALIA,Other,N
4510,USA,Other,N
4512,AUSTRALIA,Other,N
4514,AUSTRALIA,Other,N
4515,AUSTRALIA,Other,Y
4518,AUSTRALIA,White Shark,Y
4522,ITALY,White Shark,N
4529,AUSTRALIA,Other,Y
4536,GREECE,Other,Y
4544,BAHAMAS,Other,N
4551,PAPUA NEW GUINEA,Other,N
4553,AUSTRALIA,Other,Y
4554,AUSTRALIA,Other,N
4555,USA,Other,N
4559,AUSTRALIA,Other,N
4561,SENEGAL,Other,Y
4562,AUSTRALIA,Other,N
4570,USA,Other,Y
4571,USA,Other,N
4572,AUSTRALIA,Other,N
4576,AUSTRALIA,Other,N
4578,SOUTH AFRICA,Other,N
4583,SOUTH AFRICA,Other,N
4585,BAHAMAS,Other,N
4587,AUSTRALIA,Other,N
4588,SOUTH AFRICA,Other,N
4590,AUSTRALIA,Other,N
4595,AUSTRALIA,Other,Y
4597,IRAN,Other,N
4601,AUSTRALIA,Other,N
4604,AUSTRALIA,White Shark,N
4608,AUSTRALIA,Other,N
4609,SOUTH AFRICA,Other,N
4625,SOUTH AFRICA,Other,N
4630,IRAQ,Other,N
4631,PHILIPPINES,Other,N
4632,USA,Other,N
4644,SOUTH AFRICA,White Shark,Y
4646,USA,Other,N
4647,SAMOA,Other,N
4648,PANAMA,White Shark,Y
4649,NICARAGUA,Other,Y
4653,SOUTH AFRICA,Other,N
4656,AUSTRALIA,Other,N
4667,PANAMA,White Shark,Y
4672,AUSTRALIA,White Shark,N
4677,INDIAN OCEAN,Other,N
4687,USA,Other,N
4688,USA,Other,N
4690,AUSTRALIA,Other,Y
4691,SOUTH AFRICA,White Shark,Y
4698,SOUTH AFRICA,White Shark,Y
4704,AUSTRALIA,Other,N
4705,SOUTHWEST PACIFIC OCEAN,Other,Y
4708,ITALY,Other,N
4718,AUSTRALIA,Other,Y
4719,AUSTRALIA,Other,N
4724,SOUTH AFRICA,Other,N
4725,BAHAMAS,Other,N
4728,SOUTHWEST PACIFIC OCEAN,Other,N
4731,SOUTH ATLANTIC OCEAN,White Shark,Y
4733,SOUTH ATLANTIC OCEAN,Other,N
4734,SOUTH ATLANTIC OCEAN,Other,N
4741,USA,Other,N
4742,USA,Other,N
4743,USA,Other,N
4746,USA,Other,N
4762,PANAMA,Other,Y
4765,USA,Other,N
4766,SOUTH AFRICA,White Shark,Y
4767,AUSTRALIA,Other,N
4768,SOUTH AFRICA,White Shark,Y
4771,AUSTRALIA,Other,N
4772,AUSTRALIA,Other,Y
4774,SOUTH AFRICA,Other,Y
4776,SLOVENIA,White Shark,N
4783,AUSTRALIA,Other,Y
4784,AUSTRALIA,Other,N
4785,AUSTRALIA,Other,N
4789,AUSTRALIA,Other,N
4790,USA,Other,N
4791,AUSTRALIA,Other,N
4794,BAHAMAS,Other,N
4795,USA,Other,N
4798,PAPUA NEW GUINEA,Other,Y
4800,NEW ZEALAND,Other,N
4801,AUSTRALIA,Other,N
4803,BAHAMAS,Other,N
4805,CURACAO,Other,N
4808,AUSTRALIA,Other,N
4815,NICARAGUA,Other,Y
4816,AUSTRALIA,Other,N
4818,IRAQ,Other,N
4822,AUSTRALIA,Other,N
4827,TRINIDAD & TOBAGO,Other,N
4832,AUSTRALIA,Other,Y
4834,AUSTRALIA,Other,Y
4835,AUSTRALIA,Other,Y
4836,AUSTRALIA,Other,N
4837,AUSTRALIA,Other,N
4839,SCOTLAND,Other,N
4840,SCOTLAND,Other,N
4841,SCOTLAND,Other,N
4842,AUSTRALIA,Other,N
4848,AUSTRALIA,Other,N
4850,USA,Other,N
4851,AUSTRALIA,Other,Y
4854,AUSTRALIA,White Shark,Y
4857,AUSTRALIA,Other,N
4859,AUSTRALIA,Other,N
4861,USA,Other,N
4862,AUSTRALIA,Other,N
4865,AUSTRALIA,White Shark,Y
4866,AUSTRALIA,Other,N
4869,AUSTRALIA,Other,N
4871,CANADA,Other,N
4874,USA,White Shark,Y
4875,USA,Other,N
4878,AUSTRALIA,Other,Y
4880,AUSTRALIA,Other,N
4882,USA,Other,N
4887,AUSTRALIA,Other,N
4888,AUSTRALIA,White Shark,Y
4889,AUSTRALIA,White Shark,Y
4891,AUSTRALIA,Other,N
4893,AUSTRALIA,Other,N
4897,AUSTRALIA,Other,Y
4904,USA,Other,N
4908,SOUTH AFRICA,White Shark,N
4909,AUSTRALIA,Other,N
4915,AUSTRALIA,Other,N
4916,AUSTRALIA,Other,N
4918,AUSTRALIA,White Shark,Y
4919,AUSTRALIA,White Shark,Y
4921,AUSTRALIA,Other,N
4922,AUSTRALIA,Other,N
4925,AUSTRALIA,Other,N
4932,BERMUDA,Other,N
4933,ITALY,White Shark,N
4936,CROATIA,White Shark,Y
4938,AUSTRALIA,Other,N
4939,AUSTRALIA,Other,N
4944,AUSTRALIA,Other,Y
4945,AUSTRALIA,Other,Y
4946,AUSTRALIA,Other,N
4947,AUSTRALIA,Other,N
4951,AUSTRALIA,Other,N
4952,AUSTRALIA,Other,Y
4953,AUSTRALIA,Other,N
4955,ISRAEL,Other,N
4956,USA,Other,N
4959,USA,Other,N
4961,USA,Other,N
4965,AUSTRALIA,Other,N
4968,USA,Other,Y
4969,AUSTRALIA,Other,N
4970,AUSTRALIA,Other,N
4972,AUSTRALIA,Other,N
4977,AUSTRALIA,Other,N
4982,USA,Other,N
4986,CANADA,White Shark,N
4987,USA,Other,N
4997,AUSTRALIA,Other,N
4998,AUSTRALIA,Other,N
5000,SOUTH AFRICA,Other,N
5001,AUSTRALIA,Other,N
5004,USA,Other,N
5014,FIJI,Other,N
5017,USA,Other,N
5018,USA,Other,N
5019,AUSTRALIA,Other,N
5023,AUSTRALIA,Other,N
5027,AUSTRALIA,Other,N
5032,AUSTRALIA,Other,N
5041,USA,Other,N
5049,AUSTRALIA,White Shark,Y
5052,SOUTH AFRICA,White Shark,N
5056,AUSTRALIA,Other,Y
5058,AUSTRALIA,Other,N
5070,USA,Other,N
5074,AUSTRALIA,Other,N
5079,AUSTRALIA,Other,N
5080,AUSTRALIA,Other,N
5082,AUSTRALIA,Other,N
5083,AUSTRALIA,Other,Y
5086,AUSTRALIA,Other,Y
5090,AUSTRALIA,Other,N
5091,USA,Other,N
5095,USA,Other,N
5098,PANAMA,Other,Y
5102,ITALY,White Shark,N
5105,AUSTRALIA,Other,N
5108,AUSTRALIA,Other,N
5118,SOUTH AFRICA,Other,N
5120,SOUTH AFRICA,White Shark,Y
5130,AUSTRALIA,Other,N
5133,NEW ZEALAND,Other,N
5134,SOUTH AFRICA,Other,N
5136,AUSTRALIA,Other,Y
5142,AUSTRALIA,Other,N
5146,ITALY,White Shark,Y
5147,USA,Other,N
5148,USA,White Shark,N
5150,USA,White Shark,Y
5152,USA,Other,N
5153,AUSTRALIA,White Shark,Y
5154,SOUTH AFRICA,Other,N
5160,AUSTRALIA,Other,Y
5168,AUSTRALIA,Other,N
5172,CANADA,Other,N
5174,MEXICO,Other,Y
5178,AUSTRALIA,Other,N
5179,USA,Other,N
5180,ENGLAND,Other,N
5187,SPAIN,Other,N
5192,AUSTRALIA,Other,Y
5198,AUSTRALIA,Other,N
5216,AUSTRALIA,Other,Y
5221,USA,Other,N
5223,USA,Other,Y
5224,JAMAICA,Other,Y
5225,SOUTH AFRICA,White Shark,N
5228,JAMAICA,Other,Y
5229,AUSTRALIA,White Shark,Y
5231,AUSTRALIA,White Shark,Y
5234,AUSTRALIA,Other,N
5242,ENGLAND,Other,N
5247,AUSTRALIA,Other,N
5248,HAITI,Other,Y
5249,AUSTRALIA,Other,N
5254,CANADA,Other,N
5269,USA,Other,Y
5270,AUSTRALIA,Other,N
5271,AUSTRALIA,Other,N
5273,AUSTRALIA,Other,Y
5275,ITALY,Other,N
5278,SAN DOMINGO,Other,Y
5280,AUSTRALIA,Other,N
5285,USA,Other,N
5304,USA,Other,N
5305,USA,Other,Y
5310,USA,White Shark,Y
5311,USA,White Shark,Y
5325,AUSTRALIA,Other,N
5332,JAMAICA,Other,Y
5334,CROATIA,Other,N
5336,CROATIA,Other,N
5340,USA,Other,N
5344,AUSTRALIA,Other,N
5348,USA,Other,N
5352,USA,Other,N
5353,CROATIA,Other,N
5362,AUSTRALIA,Other,N
5368,USA,Other,N
5375,AUSTRALIA,Other,Y
5377,AUSTRALIA,Other,N
5379,SPAIN,White Shark,Y
5389,USA,Other,N
5398,NORTH ATLANTIC OCEAN,Other,N
5399,AUSTRALIA,Other,N
5404,NEW ZEALAND,Other,N
5406,AUSTRALIA,Other,N
5409,PHILIPPINES,Other,N
5412,AUSTRALIA,Other,N
5414,USA,Other,N
5419,SOUTH AFRICA,Other,Y
5430,AUSTRALIA,Other,Y
5434,CROATIA,White Shark,Y
5437,PAPUA NEW GUINEA,Other,Y
5441,AUSTRALIA,Other,Y
5443,CHINA,Other,N
5444,CHINA,Other,Y
5455,USA,Other,N
5458,MALTA,White Shark,Y
5472,USA,Other,N
5474,USA,Other,Y
5475,USA,Other,Y
5478,AUSTRALIA,Other,N
5484,SOUTH AFRICA,Other,Y
5485,SOUTH AFRICA,Other,Y
5498,AUSTRALIA,Other,N
5502,USA,Other,N
5518,USA,Other,N
5524,AUSTRALIA,Other,Y
5544,CYPRUS,Other,Y
5545,SOUTH AFRICA,White Shark,Y
5555,USA,Other,N
5566,AUSTRALIA,Other,N
5570,USA,Other,Y
5571,USA,Other,Y
5576,ITALY,Other,N
5583,USA,Other,N
5598,USA,White Shark,N
5607,MARSHALL ISLANDS,Other,Y
5608,USA,Other,N
5616,AUSTRALIA,Other,N
5632,USA,Other,N
5647,USA,Other,N
5648,AUSTRALIA,Other,N
5653,USA,Other,N
5655,FRANCE,Other,Y
5659,MEXICO,Other,Y
5682,BAHAMAS,Other,Y
5684,AUSTRALIA,Other,N
5698,USA,Other,N
5707,AUSTRALIA,Other,N
5717,USA,Other,N
5724,CROATIA,Other,Y
5732,NEW ZEALAND,Other,N
5737,AUSTRALIA,Other,Y
5743,AUSTRALIA,Other,N
5745,SOUTH AFRICA,Other,N
5749,USA,Other,N
5751,USA,Other,N
5764,AUSTRALIA,Other,N
5772,SOUTH AFRICA,Other,N
5773,AUSTRALIA,Other,Y
5774,FRANCE,Other,Y
5779,AUSTRALIA,Other,Y
5785,GEORGIA,Other,N
5789,PACIFIC OCEAN,Other,Y
5792,USA,Other,Y
5793,NEW ZEALAND,Other,N
5813,ITALY,White Shark,N
5814,AUSTRALIA,Other,Y
5817,USA,Other,N
5823,AUSTRALIA,Other,N
5829,INDIA,Other,Y
5831,SPAIN,Other,N
5836,USA,Other,Y
5837,AUSTRALIA,Other,N
5838,INDONESIA,Other,Y
5843,USA,Other,Y
5853,AUSTRALIA,Other,N
5855,AUSTRALIA,Other,N
5861,AUSTRALIA,Other,N
5870,ENGLAND,Other,N
5877,AUSTRALIA,Other,N
5882,USA,Other,N
5887,CANADA,White Shark,N
5892,AUSTRALIA,Other,N
5910,AUSTRALIA,Other,N
5919,AUSTRALIA,Other,N
5921,ITALY,White Shark,Y
5922,INDIA,Other,Y
5926,NEW ZEALAND,Other,N
5939,FRANCE,Other,N
5940,SCOTLAND,Other,N
5955,AUSTRALIA,Other,Y
5969,SPAIN,Other,Y
5970,SPAIN,Other,Y
5984,NEW ZEALAND,Other,Y
5986,BAHAMAS,Other,Y
6007,USA,White Shark,N
6008,USA,Other,Y
6009,GREECE,Other,N
6011,USA,White Shark,N
6021,SOUTH AFRICA,White Shark,Y
6022,NEW ZEALAND,Other,Y
6026,USA,Other,N
6068,USA,Other,Y
6072,CUBA,Other,Y
6084,FRENCH POLYNESIA,Other,Y
6118,ENGLAND,Other,N
6139,ENGLAND,Other,Y
6145,GREENLAND,White Shark,Y
6149,MEDITERRANEAN SEA,Other,N
6159,ITALY,White Shark,Y
6162,FRANCE,White Shark,N
6172,FRANCE,White Shark,N
6191,USA,Other,N
6194,USA,Other,Y
6200,USA,Other,N
6209,VENEZUELA,Other,Y
6212,MOZAMBIQUE,Other,N
6214,AUSTRALIA,Other,N
6215,BAHREIN,Other,Y
6216,BAHAMAS,Other,N
6222,SUDAN,Other,N
6224,VANUATU,Other,N
6225,IRAN,Other,N
6226,USA,Other,N
6227,PAPUA NEW GUINEA,Other,Y
6230,USA,Other,N
6235,AUSTRALIA,Other,N
6238,FIJI,Other,N
6239,MOZAMBIQUE,Other,N
6240,SEYCHELLES,Other,Y
6242,IRAQ,Other,N
6243,IRAQ,Other,N
6244,BAHAMAS,White Shark,N
6245,USA,White Shark,N
6250,BAHAMAS,Other,N
6253,NICARAGUA,Other,Y
6265,IRAQ,Other,Y
6266,SAUDI ARABIA,Other,Y
6267,SAUDI ARABIA,Other,N
6274,ITALY,White Shark,N
6276,BELIZE,Other,Y
6293,AUSTRALIA,Other,Y
6294,AUSTRALIA,Other,Y
6295,AUSTRALIA,Other,Y
6296,AUSTRALIA,Other,Y
